core_known_percent,country_id,field_origin_counts,legion_input_known_percent,legion_input_missing_percent,missing_fields_sample,team_name,team_wc_id,year
100.0,country_algeria,"{""real_structured"": 10, ""derived_from_real_structured"": 12, ""missing"": 8}",73.33,26.67,"[""possession_avg"", ""shots_for"", ""shots_against"", ""passes_completed"", ""crosses"", ""set_piece_goals"", ""pressing_intensity"", ""direct_attacks""]",Algeria 1986,team_algeria_1986,1986
100.0,country_argentina,"{""real_structured"": 10, ""derived_from_real_structured"": 12, ""missing"": 8}",73.33,26.67,"[""possession_avg"", ""shots_for"", ""shots_against"", ""passes_completed"", ""crosses"", ""set_piece_goals"", ""pressing_intensity"", ""direct_attacks""]",Argentina 1986,team_argentina_1986,1986
100.0,country_belgium,"{""real_structured"": 10, ""derived_from_real_structured"": 12, ""missing"": 8}",73.33,26.67,"[""possession_avg"", ""shots_for"", ""shots_against"", ""passes_completed"", ""crosses"", ""set_piece_goals"", ""pressing_intensity"", ""direct_attacks""]",Belgium 1986,team_belgium_1986,1986
100.0,country_brazil,"{""real_structured"": 10, ""derived_from_real_structured"": 12, ""missing"": 8}",73.33,26.67,"[""possession_avg"", ""shots_for"", ""shots_against"", ""passes_completed"", ""crosses"", ""set_piece_goals"", ""pressing_intensity"", ""direct_attacks""]",Brazil 1986,team_brazil_1986,1986
100.0,country_bulgaria,"{""real_structured"": 10, ""derived_from_real_structured"": 12, ""missing"": 8}",73.33,26.67,"[""possession_avg"", ""shots_for"", ""shots_against"", ""passes_completed"", ""crosses"", ""set_piece_goals"", ""pressing_intensity"", ""direct_attacks""]",Bulgaria 1986,team_bulgaria_1986,1986
100.0,country_canada,"{""real_structured"": 10, ""derived_from_real_structured"": 12, ""missing"": 8}",73.33,26.67,"[""possession_avg"", ""shots_for"", ""shots_against"", ""passes_completed"", ""crosses"", ""set_piece_goals"", ""pressing_intensity"", ""direct_attacks""]",Canada 1986,team_canada_1986,1986
100.0,country_denmark,"{""real_structured"": 10, ""derived_from_real_structured"": 12, ""missing"": 8}",73.33,26.67,"[""possession_avg"", ""shots_for"", ""shots_against"", ""passes_completed"", ""crosses"", ""set_piece_goals"", ""pressing_intensity"", ""direct_attacks""]",Denmark 1986,team_denmark_1986,1986
100.0,country_england,"{""real_structured"": 10, ""derived_from_real_structured"": 12, ""missing"": 8}",73.33,26.67,"[""possession_avg"", ""shots_for"", ""shots_against"", ""passes_completed"", ""crosses"", ""set_piece_goals"", ""pressing_intensity"", ""direct_attacks""]",England 1986,team_england_1986,1986
100.0,country_france,"{""real_structured"": 10, ""derived_from_real_structured"": 12, ""missing"": 8}",73.33,26.67,"[""possession_avg"", ""shots_for"", ""shots_against"", ""passes_completed"", ""crosses"", ""set_piece_goals"", ""pressing_intensity"", ""direct_attacks""]",France 1986,team_france_1986,1986
100.0,country_hungary,"{""real_structured"": 10, ""derived_from_real_structured"": 12, ""missing"": 8}",73.33,26.67,"[""possession_avg"", ""shots_for"", ""shots_against"", ""passes_completed"", ""crosses"", ""set_piece_goals"", ""pressing_intensity"", ""direct_attacks""]",Hungary 1986,team_hungary_1986,1986
100.0,country_iraq,"{""real_structured"": 10, ""derived_from_real_structured"": 12, ""missing"": 8}",73.33,26.67,"[""possession_avg"", ""shots_for"", ""shots_against"", ""passes_completed"", ""crosses"", ""set_piece_goals"", ""pressing_intensity"", ""direct_attacks""]",Iraq 1986,team_iraq_1986,1986
100.0,country_italy,"{""real_structured"": 10, ""derived_from_real_structured"": 12, ""missing"": 8}",73.33,26.67,"[""possession_avg"", ""shots_for"", ""shots_against"", ""passes_completed"", ""crosses"", ""set_piece_goals"", ""pressing_intensity"", ""direct_attacks""]",Italy 1986,team_italy_1986,1986
100.0,country_mexico,"{""real_structured"": 10, ""derived_from_real_structured"": 12, ""missing"": 8}",73.33,26.67,"[""possession_avg"", ""shots_for"", ""shots_against"", ""passes_completed"", ""crosses"", ""set_piece_goals"", ""pressing_intensity"", ""direct_attacks""]",Mexico 1986,team_mexico_1986,1986
100.0,country_morocco,"{""real_structured"": 10, ""derived_from_real_structured"": 12, ""missing"": 8}",73.33,26.67,"[""possession_avg"", ""shots_for"", ""shots_against"", ""passes_completed"", ""crosses"", ""set_piece_goals"", ""pressing_intensity"", ""direct_attacks""]",Morocco 1986,team_morocco_1986,1986
100.0,country_northern_ireland,"{""real_structured"": 10, ""derived_from_real_structured"": 12, ""missing"": 8}",73.33,26.67,"[""possession_avg"", ""shots_for"", ""shots_against"", ""passes_completed"", ""crosses"", ""set_piece_goals"", ""pressing_intensity"", ""direct_attacks""]",Northern Ireland 1986,team_northern_ireland_1986,1986
100.0,country_paraguay,"{""real_structured"": 10, ""derived_from_real_structured"": 12, ""missing"": 8}",73.33,26.67,"[""possession_avg"", ""shots_for"", ""shots_against"", ""passes_completed"", ""crosses"", ""set_piece_goals"", ""pressing_intensity"", ""direct_attacks""]",Paraguay 1986,team_paraguay_1986,1986
100.0,country_poland,"{""real_structured"": 10, ""derived_from_real_structured"": 12, ""missing"": 8}",73.33,26.67,"[""possession_avg"", ""shots_for"", ""shots_against"", ""passes_completed"", ""crosses"", ""set_piece_goals"", ""pressing_intensity"", ""direct_attacks""]",Poland 1986,team_poland_1986,1986
100.0,country_portugal,"{""real_structured"": 10, ""derived_from_real_structured"": 12, ""missing"": 8}",73.33,26.67,"[""possession_avg"", ""shots_for"", ""shots_against"", ""passes_completed"", ""crosses"", ""set_piece_goals"", ""pressing_intensity"", ""direct_attacks""]",Portugal 1986,team_portugal_1986,1986
100.0,country_scotland,"{""real_structured"": 10, ""derived_from_real_structured"": 12, ""missing"": 8}",73.33,26.67,"[""possession_avg"", ""shots_for"", ""shots_against"", ""passes_completed"", ""crosses"", ""set_piece_goals"", ""pressing_intensity"", ""direct_attacks""]",Scotland 1986,team_scotland_1986,1986
100.0,country_south_korea,"{""real_structured"": 10, ""derived_from_real_structured"": 12, ""missing"": 8}",73.33,26.67,"[""possession_avg"", ""shots_for"", ""shots_against"", ""passes_completed"", ""crosses"", ""set_piece_goals"", ""pressing_intensity"", ""direct_attacks""]",South Korea 1986,team_south_korea_1986,1986
100.0,country_soviet_union,"{""real_structured"": 10, ""derived_from_real_structured"": 12, ""missing"": 8}",73.33,26.67,"[""possession_avg"", ""shots_for"", ""shots_against"", ""passes_completed"", ""crosses"", ""set_piece_goals"", ""pressing_intensity"", ""direct_attacks""]",Soviet Union 1986,team_soviet_union_1986,1986
100.0,country_spain,"{""real_structured"": 10, ""derived_from_real_structured"": 12, ""missing"": 8}",73.33,26.67,"[""possession_avg"", ""shots_for"", ""shots_against"", ""passes_completed"", ""crosses"", ""set_piece_goals"", ""pressing_intensity"", ""direct_attacks""]",Spain 1986,team_spain_1986,1986
100.0,country_uruguay,"{""real_structured"": 10, ""derived_from_real_structured"": 12, ""missing"": 8}",73.33,26.67,"[""possession_avg"", ""shots_for"", ""shots_against"", ""passes_completed"", ""crosses"", ""set_piece_goals"", ""pressing_intensity"", ""direct_attacks""]",Uruguay 1986,team_uruguay_1986,1986
100.0,country_west_germany,"{""real_structured"": 10, ""derived_from_real_structured"": 12, ""missing"": 8}",73.33,26.67,"[""possession_avg"", ""shots_for"", ""shots_against"", ""passes_completed"", ""crosses"", ""set_piece_goals"", ""pressing_intensity"", ""direct_attacks""]",West Germany 1986,team_west_germany_1986,1986
100.0,country_argentina,"{""real_structured"": 10, ""derived_from_real_structured"": 12, ""missing"": 8}",73.33,26.67,"[""possession_avg"", ""shots_for"", ""shots_against"", ""passes_completed"", ""crosses"", ""set_piece_goals"", ""pressing_intensity"", ""direct_attacks""]",Argentina 1990,team_argentina_1990,1990
100.0,country_austria,"{""real_structured"": 10, ""derived_from_real_structured"": 12, ""missing"": 8}",73.33,26.67,"[""possession_avg"", ""shots_for"", ""shots_against"", ""passes_completed"", ""crosses"", ""set_piece_goals"", ""pressing_intensity"", ""direct_attacks""]",Austria 1990,team_austria_1990,1990
100.0,country_belgium,"{""real_structured"": 10, ""derived_from_real_structured"": 12, ""missing"": 8}",73.33,26.67,"[""possession_avg"", ""shots_for"", ""shots_against"", ""passes_completed"", ""crosses"", ""set_piece_goals"", ""pressing_intensity"", ""direct_attacks""]",Belgium 1990,team_belgium_1990,1990
100.0,country_brazil,"{""real_structured"": 10, ""derived_from_real_structured"": 12, ""missing"": 8}",73.33,26.67,"[""possession_avg"", ""shots_for"", ""shots_against"", ""passes_completed"", ""crosses"", ""set_piece_goals"", ""pressing_intensity"", ""direct_attacks""]",Brazil 1990,team_brazil_1990,1990
100.0,country_cameroon,"{""real_structured"": 10, ""derived_from_real_structured"": 12, ""missing"": 8}",73.33,26.67,"[""possession_avg"", ""shots_for"", ""shots_against"", ""passes_completed"", ""crosses"", ""set_piece_goals"", ""pressing_intensity"", ""direct_attacks""]",Cameroon 1990,team_cameroon_1990,1990
100.0,country_colombia,"{""real_structured"": 10, ""derived_from_real_structured"": 12, ""missing"": 8}",73.33,26.67,"[""possession_avg"", ""shots_for"", ""shots_against"", ""passes_completed"", ""crosses"", ""set_piece_goals"", ""pressing_intensity"", ""direct_attacks""]",Colombia 1990,team_colombia_1990,1990
100.0,country_costa_rica,"{""real_structured"": 10, ""derived_from_real_structured"": 12, ""missing"": 8}",73.33,26.67,"[""possession_avg"", ""shots_for"", ""shots_against"", ""passes_completed"", ""crosses"", ""set_piece_goals"", ""pressing_intensity"", ""direct_attacks""]",Costa Rica 1990,team_costa_rica_1990,1990
100.0,country_czechoslovakia,"{""real_structured"": 10, ""derived_from_real_structured"": 12, ""missing"": 8}",73.33,26.67,"[""possession_avg"", ""shots_for"", ""shots_against"", ""passes_completed"", ""crosses"", ""set_piece_goals"", ""pressing_intensity"", ""direct_attacks""]",Czechoslovakia 1990,team_czechoslovakia_1990,1990
100.0,country_egypt,"{""real_structured"": 10, ""derived_from_real_structured"": 12, ""missing"": 8}",73.33,26.67,"[""possession_avg"", ""shots_for"", ""shots_against"", ""passes_completed"", ""crosses"", ""set_piece_goals"", ""pressing_intensity"", ""direct_attacks""]",Egypt 1990,team_egypt_1990,1990
100.0,country_england,"{""real_structured"": 10, ""derived_from_real_structured"": 12, ""missing"": 8}",73.33,26.67,"[""possession_avg"", ""shots_for"", ""shots_against"", ""passes_completed"", ""crosses"", ""set_piece_goals"", ""pressing_intensity"", ""direct_attacks""]",England 1990,team_england_1990,1990
100.0,country_italy,"{""real_structured"": 10, ""derived_from_real_structured"": 12, ""missing"": 8}",73.33,26.67,"[""possession_avg"", ""shots_for"", ""shots_against"", ""passes_completed"", ""crosses"", ""set_piece_goals"", ""pressing_intensity"", ""direct_attacks""]",Italy 1990,team_italy_1990,1990
100.0,country_netherlands,"{""real_structured"": 10, ""derived_from_real_structured"": 12, ""missing"": 8}",73.33,26.67,"[""possession_avg"", ""shots_for"", ""shots_against"", ""passes_completed"", ""crosses"", ""set_piece_goals"", ""pressing_intensity"", ""direct_attacks""]",Netherlands 1990,team_netherlands_1990,1990
100.0,country_republic_of_ireland,"{""real_structured"": 10, ""derived_from_real_structured"": 12, ""missing"": 8}",73.33,26.67,"[""possession_avg"", ""shots_for"", ""shots_against"", ""passes_completed"", ""crosses"", ""set_piece_goals"", ""pressing_intensity"", ""direct_attacks""]",Republic of Ireland 1990,team_republic_of_ireland_1990,1990
100.0,country_romania,"{""real_structured"": 10, ""derived_from_real_structured"": 12, ""missing"": 8}",73.33,26.67,"[""possession_avg"", ""shots_for"", ""shots_against"", ""passes_completed"", ""crosses"", ""set_piece_goals"", ""pressing_intensity"", ""direct_attacks""]",Romania 1990,team_romania_1990,1990
100.0,country_scotland,"{""real_structured"": 10, ""derived_from_real_structured"": 12, ""missing"": 8}",73.33,26.67,"[""possession_avg"", ""shots_for"", ""shots_against"", ""passes_completed"", ""crosses"", ""set_piece_goals"", ""pressing_intensity"", ""direct_attacks""]",Scotland 1990,team_scotland_1990,1990
100.0,country_south_korea,"{""real_structured"": 10, ""derived_from_real_structured"": 12, ""missing"": 8}",73.33,26.67,"[""possession_avg"", ""shots_for"", ""shots_against"", ""passes_completed"", ""crosses"", ""set_piece_goals"", ""pressing_intensity"", ""direct_attacks""]",South Korea 1990,team_south_korea_1990,1990
100.0,country_soviet_union,"{""real_structured"": 10, ""derived_from_real_structured"": 12, ""missing"": 8}",73.33,26.67,"[""possession_avg"", ""shots_for"", ""shots_against"", ""passes_completed"", ""crosses"", ""set_piece_goals"", ""pressing_intensity"", ""direct_attacks""]",Soviet Union 1990,team_soviet_union_1990,1990
100.0,country_spain,"{""real_structured"": 10, ""derived_from_real_structured"": 12, ""missing"": 8}",73.33,26.67,"[""possession_avg"", ""shots_for"", ""shots_against"", ""passes_completed"", ""crosses"", ""set_piece_goals"", ""pressing_intensity"", ""direct_attacks""]",Spain 1990,team_spain_1990,1990
100.0,country_sweden,"{""real_structured"": 10, ""derived_from_real_structured"": 12, ""missing"": 8}",73.33,26.67,"[""possession_avg"", ""shots_for"", ""shots_against"", ""passes_completed"", ""crosses"", ""set_piece_goals"", ""pressing_intensity"", ""direct_attacks""]",Sweden 1990,team_sweden_1990,1990
100.0,country_united_arab_emirates,"{""real_structured"": 10, ""derived_from_real_structured"": 12, ""missing"": 8}",73.33,26.67,"[""possession_avg"", ""shots_for"", ""shots_against"", ""passes_completed"", ""crosses"", ""set_piece_goals"", ""pressing_intensity"", ""direct_attacks""]",United Arab Emirates 1990,team_united_arab_emirates_1990,1990
100.0,country_united_states,"{""real_structured"": 10, ""derived_from_real_structured"": 12, ""missing"": 8}",73.33,26.67,"[""possession_avg"", ""shots_for"", ""shots_against"", ""passes_completed"", ""crosses"", ""set_piece_goals"", ""pressing_intensity"", ""direct_attacks""]",United States 1990,team_united_states_1990,1990
100.0,country_uruguay,"{""real_structured"": 10, ""derived_from_real_structured"": 12, ""missing"": 8}",73.33,26.67,"[""possession_avg"", ""shots_for"", ""shots_against"", ""passes_completed"", ""crosses"", ""set_piece_goals"", ""pressing_intensity"", ""direct_attacks""]",Uruguay 1990,team_uruguay_1990,1990
100.0,country_west_germany,"{""real_structured"": 10, ""derived_from_real_structured"": 12, ""missing"": 8}",73.33,26.67,"[""possession_avg"", ""shots_for"", ""shots_against"", ""passes_completed"", ""crosses"", ""set_piece_goals"", ""pressing_intensity"", ""direct_attacks""]",West Germany 1990,team_west_germany_1990,1990
100.0,country_yugoslavia,"{""real_structured"": 10, ""derived_from_real_structured"": 12, ""missing"": 8}",73.33,26.67,"[""possession_avg"", ""shots_for"", ""shots_against"", ""passes_completed"", ""crosses"", ""set_piece_goals"", ""pressing_intensity"", ""direct_attacks""]",Yugoslavia 1990,team_yugoslavia_1990,1990
100.0,country_argentina,"{""real_structured"": 10, ""derived_from_real_structured"": 12, ""missing"": 8}",73.33,26.67,"[""possession_avg"", ""shots_for"", ""shots_against"", ""passes_completed"", ""crosses"", ""set_piece_goals"", ""pressing_intensity"", ""direct_attacks""]",Argentina 1994,team_argentina_1994,1994
100.0,country_belgium,"{""real_structured"": 10, ""derived_from_real_structured"": 12, ""missing"": 8}",73.33,26.67,"[""possession_avg"", ""shots_for"", ""shots_against"", ""passes_completed"", ""crosses"", ""set_piece_goals"", ""pressing_intensity"", ""direct_attacks""]",Belgium 1994,team_belgium_1994,1994
100.0,country_bolivia,"{""real_structured"": 10, ""derived_from_real_structured"": 12, ""missing"": 8}",73.33,26.67,"[""possession_avg"", ""shots_for"", ""shots_against"", ""passes_completed"", ""crosses"", ""set_piece_goals"", ""pressing_intensity"", ""direct_attacks""]",Bolivia 1994,team_bolivia_1994,1994
100.0,country_brazil,"{""real_structured"": 10, ""derived_from_real_structured"": 12, ""missing"": 8}",73.33,26.67,"[""possession_avg"", ""shots_for"", ""shots_against"", ""passes_completed"", ""crosses"", ""set_piece_goals"", ""pressing_intensity"", ""direct_attacks""]",Brazil 1994,team_brazil_1994,1994
100.0,country_bulgaria,"{""real_structured"": 10, ""derived_from_real_structured"": 12, ""missing"": 8}",73.33,26.67,"[""possession_avg"", ""shots_for"", ""shots_against"", ""passes_completed"", ""crosses"", ""set_piece_goals"", ""pressing_intensity"", ""direct_attacks""]",Bulgaria 1994,team_bulgaria_1994,1994
100.0,country_cameroon,"{""real_structured"": 10, ""derived_from_real_structured"": 12, ""missing"": 8}",73.33,26.67,"[""possession_avg"", ""shots_for"", ""shots_against"", ""passes_completed"", ""crosses"", ""set_piece_goals"", ""pressing_intensity"", ""direct_attacks""]",Cameroon 1994,team_cameroon_1994,1994
100.0,country_colombia,"{""real_structured"": 10, ""derived_from_real_structured"": 12, ""missing"": 8}",73.33,26.67,"[""possession_avg"", ""shots_for"", ""shots_against"", ""passes_completed"", ""crosses"", ""set_piece_goals"", ""pressing_intensity"", ""direct_attacks""]",Colombia 1994,team_colombia_1994,1994
100.0,country_germany,"{""real_structured"": 10, ""derived_from_real_structured"": 12, ""missing"": 8}",73.33,26.67,"[""possession_avg"", ""shots_for"", ""shots_against"", ""passes_completed"", ""crosses"", ""set_piece_goals"", ""pressing_intensity"", ""direct_attacks""]",Germany 1994,team_germany_1994,1994
100.0,country_greece,"{""real_structured"": 10, ""derived_from_real_structured"": 12, ""missing"": 8}",73.33,26.67,"[""possession_avg"", ""shots_for"", ""shots_against"", ""passes_completed"", ""crosses"", ""set_piece_goals"", ""pressing_intensity"", ""direct_attacks""]",Greece 1994,team_greece_1994,1994
100.0,country_italy,"{""real_structured"": 10, ""derived_from_real_structured"": 12, ""missing"": 8}",73.33,26.67,"[""possession_avg"", ""shots_for"", ""shots_against"", ""passes_completed"", ""crosses"", ""set_piece_goals"", ""pressing_intensity"", ""direct_attacks""]",Italy 1994,team_italy_1994,1994
100.0,country_mexico,"{""real_structured"": 10, ""derived_from_real_structured"": 12, ""missing"": 8}",73.33,26.67,"[""possession_avg"", ""shots_for"", ""shots_against"", ""passes_completed"", ""crosses"", ""set_piece_goals"", ""pressing_intensity"", ""direct_attacks""]",Mexico 1994,team_mexico_1994,1994
100.0,country_morocco,"{""real_structured"": 10, ""derived_from_real_structured"": 12, ""missing"": 8}",73.33,26.67,"[""possession_avg"", ""shots_for"", ""shots_against"", ""passes_completed"", ""crosses"", ""set_piece_goals"", ""pressing_intensity"", ""direct_attacks""]",Morocco 1994,team_morocco_1994,1994
100.0,country_netherlands,"{""real_structured"": 10, ""derived_from_real_structured"": 12, ""missing"": 8}",73.33,26.67,"[""possession_avg"", ""shots_for"", ""shots_against"", ""passes_completed"", ""crosses"", ""set_piece_goals"", ""pressing_intensity"", ""direct_attacks""]",Netherlands 1994,team_netherlands_1994,1994
100.0,country_nigeria,"{""real_structured"": 10, ""derived_from_real_structured"": 12, ""missing"": 8}",73.33,26.67,"[""possession_avg"", ""shots_for"", ""shots_against"", ""passes_completed"", ""crosses"", ""set_piece_goals"", ""pressing_intensity"", ""direct_attacks""]",Nigeria 1994,team_nigeria_1994,1994
100.0,country_norway,"{""real_structured"": 10, ""derived_from_real_structured"": 12, ""missing"": 8}",73.33,26.67,"[""possession_avg"", ""shots_for"", ""shots_against"", ""passes_completed"", ""crosses"", ""set_piece_goals"", ""pressing_intensity"", ""direct_attacks""]",Norway 1994,team_norway_1994,1994
100.0,country_republic_of_ireland,"{""real_structured"": 10, ""derived_from_real_structured"": 12, ""missing"": 8}",73.33,26.67,"[""possession_avg"", ""shots_for"", ""shots_against"", ""passes_completed"", ""crosses"", ""set_piece_goals"", ""pressing_intensity"", ""direct_attacks""]",Republic of Ireland 1994,team_republic_of_ireland_1994,1994
100.0,country_romania,"{""real_structured"": 10, ""derived_from_real_structured"": 12, ""missing"": 8}",73.33,26.67,"[""possession_avg"", ""shots_for"", ""shots_against"", ""passes_completed"", ""crosses"", ""set_piece_goals"", ""pressing_intensity"", ""direct_attacks""]",Romania 1994,team_romania_1994,1994
100.0,country_russia,"{""real_structured"": 10, ""derived_from_real_structured"": 12, ""missing"": 8}",73.33,26.67,"[""possession_avg"", ""shots_for"", ""shots_against"", ""passes_completed"", ""crosses"", ""set_piece_goals"", ""pressing_intensity"", ""direct_attacks""]",Russia 1994,team_russia_1994,1994
100.0,country_saudi_arabia,"{""real_structured"": 10, ""derived_from_real_structured"": 12, ""missing"": 8}",73.33,26.67,"[""possession_avg"", ""shots_for"", ""shots_against"", ""passes_completed"", ""crosses"", ""set_piece_goals"", ""pressing_intensity"", ""direct_attacks""]",Saudi Arabia 1994,team_saudi_arabia_1994,1994
100.0,country_south_korea,"{""real_structured"": 10, ""derived_from_real_structured"": 12, ""missing"": 8}",73.33,26.67,"[""possession_avg"", ""shots_for"", ""shots_against"", ""passes_completed"", ""crosses"", ""set_piece_goals"", ""pressing_intensity"", ""direct_attacks""]",South Korea 1994,team_south_korea_1994,1994
100.0,country_spain,"{""real_structured"": 10, ""derived_from_real_structured"": 12, ""missing"": 8}",73.33,26.67,"[""possession_avg"", ""shots_for"", ""shots_against"", ""passes_completed"", ""crosses"", ""set_piece_goals"", ""pressing_intensity"", ""direct_attacks""]",Spain 1994,team_spain_1994,1994
100.0,country_sweden,"{""real_structured"": 10, ""derived_from_real_structured"": 12, ""missing"": 8}",73.33,26.67,"[""possession_avg"", ""shots_for"", ""shots_against"", ""passes_completed"", ""crosses"", ""set_piece_goals"", ""pressing_intensity"", ""direct_attacks""]",Sweden 1994,team_sweden_1994,1994
100.0,country_switzerland,"{""real_structured"": 10, ""derived_from_real_structured"": 12, ""missing"": 8}",73.33,26.67,"[""possession_avg"", ""shots_for"", ""shots_against"", ""passes_completed"", ""crosses"", ""set_piece_goals"", ""pressing_intensity"", ""direct_attacks""]",Switzerland 1994,team_switzerland_1994,1994
100.0,country_united_states,"{""real_structured"": 10, ""derived_from_real_structured"": 12, ""missing"": 8}",73.33,26.67,"[""possession_avg"", ""shots_for"", ""shots_against"", ""passes_completed"", ""crosses"", ""set_piece_goals"", ""pressing_intensity"", ""direct_attacks""]",United States 1994,team_united_states_1994,1994
100.0,country_argentina,"{""real_structured"": 10, ""derived_from_real_structured"": 12, ""missing"": 8}",73.33,26.67,"[""possession_avg"", ""shots_for"", ""shots_against"", ""passes_completed"", ""crosses"", ""set_piece_goals"", ""pressing_intensity"", ""direct_attacks""]",Argentina 1998,team_argentina_1998,1998
100.0,country_austria,"{""real_structured"": 10, ""derived_from_real_structured"": 12, ""missing"": 8}",73.33,26.67,"[""possession_avg"", ""shots_for"", ""shots_against"", ""passes_completed"", ""crosses"", ""set_piece_goals"", ""pressing_intensity"", ""direct_attacks""]",Austria 1998,team_austria_1998,1998
100.0,country_belgium,"{""real_structured"": 10, ""derived_from_real_structured"": 12, ""missing"": 8}",73.33,26.67,"[""possession_avg"", ""shots_for"", ""shots_against"", ""passes_completed"", ""crosses"", ""set_piece_goals"", ""pressing_intensity"", ""direct_attacks""]",Belgium 1998,team_belgium_1998,1998
100.0,country_brazil,"{""real_structured"": 10, ""derived_from_real_structured"": 12, ""missing"": 8}",73.33,26.67,"[""possession_avg"", ""shots_for"", ""shots_against"", ""passes_completed"", ""crosses"", ""set_piece_goals"", ""pressing_intensity"", ""direct_attacks""]",Brazil 1998,team_brazil_1998,1998
100.0,country_bulgaria,"{""real_structured"": 10, ""derived_from_real_structured"": 12, ""missing"": 8}",73.33,26.67,"[""possession_avg"", ""shots_for"", ""shots_against"", ""passes_completed"", ""crosses"", ""set_piece_goals"", ""pressing_intensity"", ""direct_attacks""]",Bulgaria 1998,team_bulgaria_1998,1998
100.0,country_cameroon,"{""real_structured"": 10, ""derived_from_real_structured"": 12, ""missing"": 8}",73.33,26.67,"[""possession_avg"", ""shots_for"", ""shots_against"", ""passes_completed"", ""crosses"", ""set_piece_goals"", ""pressing_intensity"", ""direct_attacks""]",Cameroon 1998,team_cameroon_1998,1998
100.0,country_chile,"{""real_structured"": 10, ""derived_from_real_structured"": 12, ""missing"": 8}",73.33,26.67,"[""possession_avg"", ""shots_for"", ""shots_against"", ""passes_completed"", ""crosses"", ""set_piece_goals"", ""pressing_intensity"", ""direct_attacks""]",Chile 1998,team_chile_1998,1998
100.0,country_colombia,"{""real_structured"": 10, ""derived_from_real_structured"": 12, ""missing"": 8}",73.33,26.67,"[""possession_avg"", ""shots_for"", ""shots_against"", ""passes_completed"", ""crosses"", ""set_piece_goals"", ""pressing_intensity"", ""direct_attacks""]",Colombia 1998,team_colombia_1998,1998
100.0,country_croatia,"{""real_structured"": 10, ""derived_from_real_structured"": 12, ""missing"": 8}",73.33,26.67,"[""possession_avg"", ""shots_for"", ""shots_against"", ""passes_completed"", ""crosses"", ""set_piece_goals"", ""pressing_intensity"", ""direct_attacks""]",Croatia 1998,team_croatia_1998,1998
100.0,country_denmark,"{""real_structured"": 10, ""derived_from_real_structured"": 12, ""missing"": 8}",73.33,26.67,"[""possession_avg"", ""shots_for"", ""shots_against"", ""passes_completed"", ""crosses"", ""set_piece_goals"", ""pressing_intensity"", ""direct_attacks""]",Denmark 1998,team_denmark_1998,1998
100.0,country_england,"{""real_structured"": 10, ""derived_from_real_structured"": 12, ""missing"": 8}",73.33,26.67,"[""possession_avg"", ""shots_for"", ""shots_against"", ""passes_completed"", ""crosses"", ""set_piece_goals"", ""pressing_intensity"", ""direct_attacks""]",England 1998,team_england_1998,1998
100.0,country_france,"{""real_structured"": 10, ""derived_from_real_structured"": 12, ""missing"": 8}",73.33,26.67,"[""possession_avg"", ""shots_for"", ""shots_against"", ""passes_completed"", ""crosses"", ""set_piece_goals"", ""pressing_intensity"", ""direct_attacks""]",France 1998,team_france_1998,1998
100.0,country_germany,"{""real_structured"": 10, ""derived_from_real_structured"": 12, ""missing"": 8}",73.33,26.67,"[""possession_avg"", ""shots_for"", ""shots_against"", ""passes_completed"", ""crosses"", ""set_piece_goals"", ""pressing_intensity"", ""direct_attacks""]",Germany 1998,team_germany_1998,1998
100.0,country_iran,"{""real_structured"": 10, ""derived_from_real_structured"": 12, ""missing"": 8}",73.33,26.67,"[""possession_avg"", ""shots_for"", ""shots_against"", ""passes_completed"", ""crosses"", ""set_piece_goals"", ""pressing_intensity"", ""direct_attacks""]",Iran 1998,team_iran_1998,1998
100.0,country_italy,"{""real_structured"": 10, ""derived_from_real_structured"": 12, ""missing"": 8}",73.33,26.67,"[""possession_avg"", ""shots_for"", ""shots_against"", ""passes_completed"", ""crosses"", ""set_piece_goals"", ""pressing_intensity"", ""direct_attacks""]",Italy 1998,team_italy_1998,1998
100.0,country_jamaica,"{""real_structured"": 10, ""derived_from_real_structured"": 12, ""missing"": 8}",73.33,26.67,"[""possession_avg"", ""shots_for"", ""shots_against"", ""passes_completed"", ""crosses"", ""set_piece_goals"", ""pressing_intensity"", ""direct_attacks""]",Jamaica 1998,team_jamaica_1998,1998
100.0,country_japan,"{""real_structured"": 10, ""derived_from_real_structured"": 12, ""missing"": 8}",73.33,26.67,"[""possession_avg"", ""shots_for"", ""shots_against"", ""passes_completed"", ""crosses"", ""set_piece_goals"", ""pressing_intensity"", ""direct_attacks""]",Japan 1998,team_japan_1998,1998
100.0,country_mexico,"{""real_structured"": 10, ""derived_from_real_structured"": 12, ""missing"": 8}",73.33,26.67,"[""possession_avg"", ""shots_for"", ""shots_against"", ""passes_completed"", ""crosses"", ""set_piece_goals"", ""pressing_intensity"", ""direct_attacks""]",Mexico 1998,team_mexico_1998,1998
100.0,country_morocco,"{""real_structured"": 10, ""derived_from_real_structured"": 12, ""missing"": 8}",73.33,26.67,"[""possession_avg"", ""shots_for"", ""shots_against"", ""passes_completed"", ""crosses"", ""set_piece_goals"", ""pressing_intensity"", ""direct_attacks""]",Morocco 1998,team_morocco_1998,1998
100.0,country_netherlands,"{""real_structured"": 10, ""derived_from_real_structured"": 12, ""missing"": 8}",73.33,26.67,"[""possession_avg"", ""shots_for"", ""shots_against"", ""passes_completed"", ""crosses"", ""set_piece_goals"", ""pressing_intensity"", ""direct_attacks""]",Netherlands 1998,team_netherlands_1998,1998
100.0,country_nigeria,"{""real_structured"": 10, ""derived_from_real_structured"": 12, ""missing"": 8}",73.33,26.67,"[""possession_avg"", ""shots_for"", ""shots_against"", ""passes_completed"", ""crosses"", ""set_piece_goals"", ""pressing_intensity"", ""direct_attacks""]",Nigeria 1998,team_nigeria_1998,1998
100.0,country_norway,"{""real_structured"": 10, ""derived_from_real_structured"": 12, ""missing"": 8}",73.33,26.67,"[""possession_avg"", ""shots_for"", ""shots_against"", ""passes_completed"", ""crosses"", ""set_piece_goals"", ""pressing_intensity"", ""direct_attacks""]",Norway 1998,team_norway_1998,1998
100.0,country_paraguay,"{""real_structured"": 10, ""derived_from_real_structured"": 12, ""missing"": 8}",73.33,26.67,"[""possession_avg"", ""shots_for"", ""shots_against"", ""passes_completed"", ""crosses"", ""set_piece_goals"", ""pressing_intensity"", ""direct_attacks""]",Paraguay 1998,team_paraguay_1998,1998
100.0,country_romania,"{""real_structured"": 10, ""derived_from_real_structured"": 12, ""missing"": 8}",73.33,26.67,"[""possession_avg"", ""shots_for"", ""shots_against"", ""passes_completed"", ""crosses"", ""set_piece_goals"", ""pressing_intensity"", ""direct_attacks""]",Romania 1998,team_romania_1998,1998
100.0,country_saudi_arabia,"{""real_structured"": 10, ""derived_from_real_structured"": 12, ""missing"": 8}",73.33,26.67,"[""possession_avg"", ""shots_for"", ""shots_against"", ""passes_completed"", ""crosses"", ""set_piece_goals"", ""pressing_intensity"", ""direct_attacks""]",Saudi Arabia 1998,team_saudi_arabia_1998,1998
100.0,country_scotland,"{""real_structured"": 10, ""derived_from_real_structured"": 12, ""missing"": 8}",73.33,26.67,"[""possession_avg"", ""shots_for"", ""shots_against"", ""passes_completed"", ""crosses"", ""set_piece_goals"", ""pressing_intensity"", ""direct_attacks""]",Scotland 1998,team_scotland_1998,1998
100.0,country_south_africa,"{""real_structured"": 10, ""derived_from_real_structured"": 12, ""missing"": 8}",73.33,26.67,"[""possession_avg"", ""shots_for"", ""shots_against"", ""passes_completed"", ""crosses"", ""set_piece_goals"", ""pressing_intensity"", ""direct_attacks""]",South Africa 1998,team_south_africa_1998,1998
100.0,country_south_korea,"{""real_structured"": 10, ""derived_from_real_structured"": 12, ""missing"": 8}",73.33,26.67,"[""possession_avg"", ""shots_for"", ""shots_against"", ""passes_completed"", ""crosses"", ""set_piece_goals"", ""pressing_intensity"", ""direct_attacks""]",South Korea 1998,team_south_korea_1998,1998
100.0,country_spain,"{""real_structured"": 10, ""derived_from_real_structured"": 12, ""missing"": 8}",73.33,26.67,"[""possession_avg"", ""shots_for"", ""shots_against"", ""passes_completed"", ""crosses"", ""set_piece_goals"", ""pressing_intensity"", ""direct_attacks""]",Spain 1998,team_spain_1998,1998
100.0,country_tunisia,"{""real_structured"": 10, ""derived_from_real_structured"": 12, ""missing"": 8}",73.33,26.67,"[""possession_avg"", ""shots_for"", ""shots_against"", ""passes_completed"", ""crosses"", ""set_piece_goals"", ""pressing_intensity"", ""direct_attacks""]",Tunisia 1998,team_tunisia_1998,1998
100.0,country_united_states,"{""real_structured"": 10, ""derived_from_real_structured"": 12, ""missing"": 8}",73.33,26.67,"[""possession_avg"", ""shots_for"", ""shots_against"", ""passes_completed"", ""crosses"", ""set_piece_goals"", ""pressing_intensity"", ""direct_attacks""]",United States 1998,team_united_states_1998,1998
100.0,country_yugoslavia,"{""real_structured"": 10, ""derived_from_real_structured"": 12, ""missing"": 8}",73.33,26.67,"[""possession_avg"", ""shots_for"", ""shots_against"", ""passes_completed"", ""crosses"", ""set_piece_goals"", ""pressing_intensity"", ""direct_attacks""]",Yugoslavia 1998,team_yugoslavia_1998,1998
100.0,country_argentina,"{""real_structured"": 10, ""derived_from_real_structured"": 12, ""missing"": 8}",73.33,26.67,"[""possession_avg"", ""shots_for"", ""shots_against"", ""passes_completed"", ""crosses"", ""set_piece_goals"", ""pressing_intensity"", ""direct_attacks""]",Argentina 2002,team_argentina_2002,2002
100.0,country_belgium,"{""real_structured"": 10, ""derived_from_real_structured"": 12, ""missing"": 8}",73.33,26.67,"[""possession_avg"", ""shots_for"", ""shots_against"", ""passes_completed"", ""crosses"", ""set_piece_goals"", ""pressing_intensity"", ""direct_attacks""]",Belgium 2002,team_belgium_2002,2002
100.0,country_brazil,"{""real_structured"": 10, ""derived_from_real_structured"": 12, ""missing"": 8}",73.33,26.67,"[""possession_avg"", ""shots_for"", ""shots_against"", ""passes_completed"", ""crosses"", ""set_piece_goals"", ""pressing_intensity"", ""direct_attacks""]",Brazil 2002,team_brazil_2002,2002
100.0,country_cameroon,"{""real_structured"": 10, ""derived_from_real_structured"": 12, ""missing"": 8}",73.33,26.67,"[""possession_avg"", ""shots_for"", ""shots_against"", ""passes_completed"", ""crosses"", ""set_piece_goals"", ""pressing_intensity"", ""direct_attacks""]",Cameroon 2002,team_cameroon_2002,2002
100.0,country_china,"{""real_structured"": 10, ""derived_from_real_structured"": 12, ""missing"": 8}",73.33,26.67,"[""possession_avg"", ""shots_for"", ""shots_against"", ""passes_completed"", ""crosses"", ""set_piece_goals"", ""pressing_intensity"", ""direct_attacks""]",China 2002,team_china_2002,2002
100.0,country_costa_rica,"{""real_structured"": 10, ""derived_from_real_structured"": 12, ""missing"": 8}",73.33,26.67,"[""possession_avg"", ""shots_for"", ""shots_against"", ""passes_completed"", ""crosses"", ""set_piece_goals"", ""pressing_intensity"", ""direct_attacks""]",Costa Rica 2002,team_costa_rica_2002,2002
100.0,country_croatia,"{""real_structured"": 10, ""derived_from_real_structured"": 12, ""missing"": 8}",73.33,26.67,"[""possession_avg"", ""shots_for"", ""shots_against"", ""passes_completed"", ""crosses"", ""set_piece_goals"", ""pressing_intensity"", ""direct_attacks""]",Croatia 2002,team_croatia_2002,2002
100.0,country_denmark,"{""real_structured"": 10, ""derived_from_real_structured"": 12, ""missing"": 8}",73.33,26.67,"[""possession_avg"", ""shots_for"", ""shots_against"", ""passes_completed"", ""crosses"", ""set_piece_goals"", ""pressing_intensity"", ""direct_attacks""]",Denmark 2002,team_denmark_2002,2002
100.0,country_ecuador,"{""real_structured"": 10, ""derived_from_real_structured"": 12, ""missing"": 8}",73.33,26.67,"[""possession_avg"", ""shots_for"", ""shots_against"", ""passes_completed"", ""crosses"", ""set_piece_goals"", ""pressing_intensity"", ""direct_attacks""]",Ecuador 2002,team_ecuador_2002,2002
100.0,country_england,"{""real_structured"": 10, ""derived_from_real_structured"": 12, ""missing"": 8}",73.33,26.67,"[""possession_avg"", ""shots_for"", ""shots_against"", ""passes_completed"", ""crosses"", ""set_piece_goals"", ""pressing_intensity"", ""direct_attacks""]",England 2002,team_england_2002,2002
100.0,country_france,"{""real_structured"": 10, ""derived_from_real_structured"": 12, ""missing"": 8}",73.33,26.67,"[""possession_avg"", ""shots_for"", ""shots_against"", ""passes_completed"", ""crosses"", ""set_piece_goals"", ""pressing_intensity"", ""direct_attacks""]",France 2002,team_france_2002,2002
100.0,country_germany,"{""real_structured"": 10, ""derived_from_real_structured"": 12, ""missing"": 8}",73.33,26.67,"[""possession_avg"", ""shots_for"", ""shots_against"", ""passes_completed"", ""crosses"", ""set_piece_goals"", ""pressing_intensity"", ""direct_attacks""]",Germany 2002,team_germany_2002,2002
100.0,country_italy,"{""real_structured"": 10, ""derived_from_real_structured"": 12, ""missing"": 8}",73.33,26.67,"[""possession_avg"", ""shots_for"", ""shots_against"", ""passes_completed"", ""crosses"", ""set_piece_goals"", ""pressing_intensity"", ""direct_attacks""]",Italy 2002,team_italy_2002,2002
100.0,country_japan,"{""real_structured"": 10, ""derived_from_real_structured"": 12, ""missing"": 8}",73.33,26.67,"[""possession_avg"", ""shots_for"", ""shots_against"", ""passes_completed"", ""crosses"", ""set_piece_goals"", ""pressing_intensity"", ""direct_attacks""]",Japan 2002,team_japan_2002,2002
100.0,country_mexico,"{""real_structured"": 10, ""derived_from_real_structured"": 12, ""missing"": 8}",73.33,26.67,"[""possession_avg"", ""shots_for"", ""shots_against"", ""passes_completed"", ""crosses"", ""set_piece_goals"", ""pressing_intensity"", ""direct_attacks""]",Mexico 2002,team_mexico_2002,2002
100.0,country_nigeria,"{""real_structured"": 10, ""derived_from_real_structured"": 12, ""missing"": 8}",73.33,26.67,"[""possession_avg"", ""shots_for"", ""shots_against"", ""passes_completed"", ""crosses"", ""set_piece_goals"", ""pressing_intensity"", ""direct_attacks""]",Nigeria 2002,team_nigeria_2002,2002
100.0,country_paraguay,"{""real_structured"": 10, ""derived_from_real_structured"": 12, ""missing"": 8}",73.33,26.67,"[""possession_avg"", ""shots_for"", ""shots_against"", ""passes_completed"", ""crosses"", ""set_piece_goals"", ""pressing_intensity"", ""direct_attacks""]",Paraguay 2002,team_paraguay_2002,2002
100.0,country_poland,"{""real_structured"": 10, ""derived_from_real_structured"": 12, ""missing"": 8}",73.33,26.67,"[""possession_avg"", ""shots_for"", ""shots_against"", ""passes_completed"", ""crosses"", ""set_piece_goals"", ""pressing_intensity"", ""direct_attacks""]",Poland 2002,team_poland_2002,2002
100.0,country_portugal,"{""real_structured"": 10, ""derived_from_real_structured"": 12, ""missing"": 8}",73.33,26.67,"[""possession_avg"", ""shots_for"", ""shots_against"", ""passes_completed"", ""crosses"", ""set_piece_goals"", ""pressing_intensity"", ""direct_attacks""]",Portugal 2002,team_portugal_2002,2002
100.0,country_republic_of_ireland,"{""real_structured"": 10, ""derived_from_real_structured"": 12, ""missing"": 8}",73.33,26.67,"[""possession_avg"", ""shots_for"", ""shots_against"", ""passes_completed"", ""crosses"", ""set_piece_goals"", ""pressing_intensity"", ""direct_attacks""]",Republic of Ireland 2002,team_republic_of_ireland_2002,2002
100.0,country_russia,"{""real_structured"": 10, ""derived_from_real_structured"": 12, ""missing"": 8}",73.33,26.67,"[""possession_avg"", ""shots_for"", ""shots_against"", ""passes_completed"", ""crosses"", ""set_piece_goals"", ""pressing_intensity"", ""direct_attacks""]",Russia 2002,team_russia_2002,2002
100.0,country_saudi_arabia,"{""real_structured"": 10, ""derived_from_real_structured"": 12, ""missing"": 8}",73.33,26.67,"[""possession_avg"", ""shots_for"", ""shots_against"", ""passes_completed"", ""crosses"", ""set_piece_goals"", ""pressing_intensity"", ""direct_attacks""]",Saudi Arabia 2002,team_saudi_arabia_2002,2002
100.0,country_senegal,"{""real_structured"": 10, ""derived_from_real_structured"": 12, ""missing"": 8}",73.33,26.67,"[""possession_avg"", ""shots_for"", ""shots_against"", ""passes_completed"", ""crosses"", ""set_piece_goals"", ""pressing_intensity"", ""direct_attacks""]",Senegal 2002,team_senegal_2002,2002
100.0,country_slovenia,"{""real_structured"": 10, ""derived_from_real_structured"": 12, ""missing"": 8}",73.33,26.67,"[""possession_avg"", ""shots_for"", ""shots_against"", ""passes_completed"", ""crosses"", ""set_piece_goals"", ""pressing_intensity"", ""direct_attacks""]",Slovenia 2002,team_slovenia_2002,2002
100.0,country_south_africa,"{""real_structured"": 10, ""derived_from_real_structured"": 12, ""missing"": 8}",73.33,26.67,"[""possession_avg"", ""shots_for"", ""shots_against"", ""passes_completed"", ""crosses"", ""set_piece_goals"", ""pressing_intensity"", ""direct_attacks""]",South Africa 2002,team_south_africa_2002,2002
100.0,country_south_korea,"{""real_structured"": 10, ""derived_from_real_structured"": 12, ""missing"": 8}",73.33,26.67,"[""possession_avg"", ""shots_for"", ""shots_against"", ""passes_completed"", ""crosses"", ""set_piece_goals"", ""pressing_intensity"", ""direct_attacks""]",South Korea 2002,team_south_korea_2002,2002
100.0,country_spain,"{""real_structured"": 10, ""derived_from_real_structured"": 12, ""missing"": 8}",73.33,26.67,"[""possession_avg"", ""shots_for"", ""shots_against"", ""passes_completed"", ""crosses"", ""set_piece_goals"", ""pressing_intensity"", ""direct_attacks""]",Spain 2002,team_spain_2002,2002
100.0,country_sweden,"{""real_structured"": 10, ""derived_from_real_structured"": 12, ""missing"": 8}",73.33,26.67,"[""possession_avg"", ""shots_for"", ""shots_against"", ""passes_completed"", ""crosses"", ""set_piece_goals"", ""pressing_intensity"", ""direct_attacks""]",Sweden 2002,team_sweden_2002,2002
100.0,country_tunisia,"{""real_structured"": 10, ""derived_from_real_structured"": 12, ""missing"": 8}",73.33,26.67,"[""possession_avg"", ""shots_for"", ""shots_against"", ""passes_completed"", ""crosses"", ""set_piece_goals"", ""pressing_intensity"", ""direct_attacks""]",Tunisia 2002,team_tunisia_2002,2002
100.0,country_turkey,"{""real_structured"": 10, ""derived_from_real_structured"": 12, ""missing"": 8}",73.33,26.67,"[""possession_avg"", ""shots_for"", ""shots_against"", ""passes_completed"", ""crosses"", ""set_piece_goals"", ""pressing_intensity"", ""direct_attacks""]",Turkey 2002,team_turkey_2002,2002
100.0,country_united_states,"{""real_structured"": 10, ""derived_from_real_structured"": 12, ""missing"": 8}",73.33,26.67,"[""possession_avg"", ""shots_for"", ""shots_against"", ""passes_completed"", ""crosses"", ""set_piece_goals"", ""pressing_intensity"", ""direct_attacks""]",United States 2002,team_united_states_2002,2002
100.0,country_uruguay,"{""real_structured"": 10, ""derived_from_real_structured"": 12, ""missing"": 8}",73.33,26.67,"[""possession_avg"", ""shots_for"", ""shots_against"", ""passes_completed"", ""crosses"", ""set_piece_goals"", ""pressing_intensity"", ""direct_attacks""]",Uruguay 2002,team_uruguay_2002,2002
100.0,country_angola,"{""real_structured"": 10, ""derived_from_real_structured"": 12, ""missing"": 8}",73.33,26.67,"[""possession_avg"", ""shots_for"", ""shots_against"", ""passes_completed"", ""crosses"", ""set_piece_goals"", ""pressing_intensity"", ""direct_attacks""]",Angola 2006,team_angola_2006,2006
100.0,country_argentina,"{""real_structured"": 10, ""derived_from_real_structured"": 12, ""missing"": 8}",73.33,26.67,"[""possession_avg"", ""shots_for"", ""shots_against"", ""passes_completed"", ""crosses"", ""set_piece_goals"", ""pressing_intensity"", ""direct_attacks""]",Argentina 2006,team_argentina_2006,2006
100.0,country_australia,"{""real_structured"": 10, ""derived_from_real_structured"": 12, ""missing"": 8}",73.33,26.67,"[""possession_avg"", ""shots_for"", ""shots_against"", ""passes_completed"", ""crosses"", ""set_piece_goals"", ""pressing_intensity"", ""direct_attacks""]",Australia 2006,team_australia_2006,2006
100.0,country_brazil,"{""real_structured"": 10, ""derived_from_real_structured"": 12, ""missing"": 8}",73.33,26.67,"[""possession_avg"", ""shots_for"", ""shots_against"", ""passes_completed"", ""crosses"", ""set_piece_goals"", ""pressing_intensity"", ""direct_attacks""]",Brazil 2006,team_brazil_2006,2006
100.0,country_costa_rica,"{""real_structured"": 10, ""derived_from_real_structured"": 12, ""missing"": 8}",73.33,26.67,"[""possession_avg"", ""shots_for"", ""shots_against"", ""passes_completed"", ""crosses"", ""set_piece_goals"", ""pressing_intensity"", ""direct_attacks""]",Costa Rica 2006,team_costa_rica_2006,2006
100.0,country_croatia,"{""real_structured"": 10, ""derived_from_real_structured"": 12, ""missing"": 8}",73.33,26.67,"[""possession_avg"", ""shots_for"", ""shots_against"", ""passes_completed"", ""crosses"", ""set_piece_goals"", ""pressing_intensity"", ""direct_attacks""]",Croatia 2006,team_croatia_2006,2006
100.0,country_czech_republic,"{""real_structured"": 10, ""derived_from_real_structured"": 12, ""missing"": 8}",73.33,26.67,"[""possession_avg"", ""shots_for"", ""shots_against"", ""passes_completed"", ""crosses"", ""set_piece_goals"", ""pressing_intensity"", ""direct_attacks""]",Czech Republic 2006,team_czech_republic_2006,2006
100.0,country_ecuador,"{""real_structured"": 10, ""derived_from_real_structured"": 12, ""missing"": 8}",73.33,26.67,"[""possession_avg"", ""shots_for"", ""shots_against"", ""passes_completed"", ""crosses"", ""set_piece_goals"", ""pressing_intensity"", ""direct_attacks""]",Ecuador 2006,team_ecuador_2006,2006
100.0,country_england,"{""real_structured"": 10, ""derived_from_real_structured"": 12, ""missing"": 8}",73.33,26.67,"[""possession_avg"", ""shots_for"", ""shots_against"", ""passes_completed"", ""crosses"", ""set_piece_goals"", ""pressing_intensity"", ""direct_attacks""]",England 2006,team_england_2006,2006
100.0,country_france,"{""real_structured"": 10, ""derived_from_real_structured"": 12, ""missing"": 8}",73.33,26.67,"[""possession_avg"", ""shots_for"", ""shots_against"", ""passes_completed"", ""crosses"", ""set_piece_goals"", ""pressing_intensity"", ""direct_attacks""]",France 2006,team_france_2006,2006
100.0,country_germany,"{""real_structured"": 10, ""derived_from_real_structured"": 12, ""missing"": 8}",73.33,26.67,"[""possession_avg"", ""shots_for"", ""shots_against"", ""passes_completed"", ""crosses"", ""set_piece_goals"", ""pressing_intensity"", ""direct_attacks""]",Germany 2006,team_germany_2006,2006
100.0,country_ghana,"{""real_structured"": 10, ""derived_from_real_structured"": 12, ""missing"": 8}",73.33,26.67,"[""possession_avg"", ""shots_for"", ""shots_against"", ""passes_completed"", ""crosses"", ""set_piece_goals"", ""pressing_intensity"", ""direct_attacks""]",Ghana 2006,team_ghana_2006,2006
100.0,country_iran,"{""real_structured"": 10, ""derived_from_real_structured"": 12, ""missing"": 8}",73.33,26.67,"[""possession_avg"", ""shots_for"", ""shots_against"", ""passes_completed"", ""crosses"", ""set_piece_goals"", ""pressing_intensity"", ""direct_attacks""]",Iran 2006,team_iran_2006,2006
100.0,country_italy,"{""real_structured"": 10, ""derived_from_real_structured"": 12, ""missing"": 8}",73.33,26.67,"[""possession_avg"", ""shots_for"", ""shots_against"", ""passes_completed"", ""crosses"", ""set_piece_goals"", ""pressing_intensity"", ""direct_attacks""]",Italy 2006,team_italy_2006,2006
100.0,country_ivory_coast,"{""real_structured"": 10, ""derived_from_real_structured"": 12, ""missing"": 8}",73.33,26.67,"[""possession_avg"", ""shots_for"", ""shots_against"", ""passes_completed"", ""crosses"", ""set_piece_goals"", ""pressing_intensity"", ""direct_attacks""]",Ivory Coast 2006,team_ivory_coast_2006,2006
100.0,country_japan,"{""real_structured"": 10, ""derived_from_real_structured"": 12, ""missing"": 8}",73.33,26.67,"[""possession_avg"", ""shots_for"", ""shots_against"", ""passes_completed"", ""crosses"", ""set_piece_goals"", ""pressing_intensity"", ""direct_attacks""]",Japan 2006,team_japan_2006,2006
100.0,country_mexico,"{""real_structured"": 10, ""derived_from_real_structured"": 12, ""missing"": 8}",73.33,26.67,"[""possession_avg"", ""shots_for"", ""shots_against"", ""passes_completed"", ""crosses"", ""set_piece_goals"", ""pressing_intensity"", ""direct_attacks""]",Mexico 2006,team_mexico_2006,2006
100.0,country_netherlands,"{""real_structured"": 10, ""derived_from_real_structured"": 12, ""missing"": 8}",73.33,26.67,"[""possession_avg"", ""shots_for"", ""shots_against"", ""passes_completed"", ""crosses"", ""set_piece_goals"", ""pressing_intensity"", ""direct_attacks""]",Netherlands 2006,team_netherlands_2006,2006
100.0,country_paraguay,"{""real_structured"": 10, ""derived_from_real_structured"": 12, ""missing"": 8}",73.33,26.67,"[""possession_avg"", ""shots_for"", ""shots_against"", ""passes_completed"", ""crosses"", ""set_piece_goals"", ""pressing_intensity"", ""direct_attacks""]",Paraguay 2006,team_paraguay_2006,2006
100.0,country_poland,"{""real_structured"": 10, ""derived_from_real_structured"": 12, ""missing"": 8}",73.33,26.67,"[""possession_avg"", ""shots_for"", ""shots_against"", ""passes_completed"", ""crosses"", ""set_piece_goals"", ""pressing_intensity"", ""direct_attacks""]",Poland 2006,team_poland_2006,2006
100.0,country_portugal,"{""real_structured"": 10, ""derived_from_real_structured"": 12, ""missing"": 8}",73.33,26.67,"[""possession_avg"", ""shots_for"", ""shots_against"", ""passes_completed"", ""crosses"", ""set_piece_goals"", ""pressing_intensity"", ""direct_attacks""]",Portugal 2006,team_portugal_2006,2006
100.0,country_saudi_arabia,"{""real_structured"": 10, ""derived_from_real_structured"": 12, ""missing"": 8}",73.33,26.67,"[""possession_avg"", ""shots_for"", ""shots_against"", ""passes_completed"", ""crosses"", ""set_piece_goals"", ""pressing_intensity"", ""direct_attacks""]",Saudi Arabia 2006,team_saudi_arabia_2006,2006
100.0,country_serbia_and_montenegro,"{""real_structured"": 10, ""derived_from_real_structured"": 12, ""missing"": 8}",73.33,26.67,"[""possession_avg"", ""shots_for"", ""shots_against"", ""passes_completed"", ""crosses"", ""set_piece_goals"", ""pressing_intensity"", ""direct_attacks""]",Serbia and Montenegro 2006,team_serbia_and_montenegro_2006,2006
100.0,country_south_korea,"{""real_structured"": 10, ""derived_from_real_structured"": 12, ""missing"": 8}",73.33,26.67,"[""possession_avg"", ""shots_for"", ""shots_against"", ""passes_completed"", ""crosses"", ""set_piece_goals"", ""pressing_intensity"", ""direct_attacks""]",South Korea 2006,team_south_korea_2006,2006
100.0,country_spain,"{""real_structured"": 10, ""derived_from_real_structured"": 12, ""missing"": 8}",73.33,26.67,"[""possession_avg"", ""shots_for"", ""shots_against"", ""passes_completed"", ""crosses"", ""set_piece_goals"", ""pressing_intensity"", ""direct_attacks""]",Spain 2006,team_spain_2006,2006
100.0,country_sweden,"{""real_structured"": 10, ""derived_from_real_structured"": 12, ""missing"": 8}",73.33,26.67,"[""possession_avg"", ""shots_for"", ""shots_against"", ""passes_completed"", ""crosses"", ""set_piece_goals"", ""pressing_intensity"", ""direct_attacks""]",Sweden 2006,team_sweden_2006,2006
100.0,country_switzerland,"{""real_structured"": 10, ""derived_from_real_structured"": 12, ""missing"": 8}",73.33,26.67,"[""possession_avg"", ""shots_for"", ""shots_against"", ""passes_completed"", ""crosses"", ""set_piece_goals"", ""pressing_intensity"", ""direct_attacks""]",Switzerland 2006,team_switzerland_2006,2006
100.0,country_togo,"{""real_structured"": 10, ""derived_from_real_structured"": 12, ""missing"": 8}",73.33,26.67,"[""possession_avg"", ""shots_for"", ""shots_against"", ""passes_completed"", ""crosses"", ""set_piece_goals"", ""pressing_intensity"", ""direct_attacks""]",Togo 2006,team_togo_2006,2006
100.0,country_trinidad_and_tobago,"{""real_structured"": 10, ""derived_from_real_structured"": 12, ""missing"": 8}",73.33,26.67,"[""possession_avg"", ""shots_for"", ""shots_against"", ""passes_completed"", ""crosses"", ""set_piece_goals"", ""pressing_intensity"", ""direct_attacks""]",Trinidad and Tobago 2006,team_trinidad_and_tobago_2006,2006
100.0,country_tunisia,"{""real_structured"": 10, ""derived_from_real_structured"": 12, ""missing"": 8}",73.33,26.67,"[""possession_avg"", ""shots_for"", ""shots_against"", ""passes_completed"", ""crosses"", ""set_piece_goals"", ""pressing_intensity"", ""direct_attacks""]",Tunisia 2006,team_tunisia_2006,2006
100.0,country_ukraine,"{""real_structured"": 10, ""derived_from_real_structured"": 12, ""missing"": 8}",73.33,26.67,"[""possession_avg"", ""shots_for"", ""shots_against"", ""passes_completed"", ""crosses"", ""set_piece_goals"", ""pressing_intensity"", ""direct_attacks""]",Ukraine 2006,team_ukraine_2006,2006
100.0,country_united_states,"{""real_structured"": 10, ""derived_from_real_structured"": 12, ""missing"": 8}",73.33,26.67,"[""possession_avg"", ""shots_for"", ""shots_against"", ""passes_completed"", ""crosses"", ""set_piece_goals"", ""pressing_intensity"", ""direct_attacks""]",United States 2006,team_united_states_2006,2006
100.0,country_algeria,"{""real_structured"": 10, ""derived_from_real_structured"": 12, ""missing"": 8}",73.33,26.67,"[""possession_avg"", ""shots_for"", ""shots_against"", ""passes_completed"", ""crosses"", ""set_piece_goals"", ""pressing_intensity"", ""direct_attacks""]",Algeria 2010,team_algeria_2010,2010
100.0,country_argentina,"{""real_structured"": 10, ""derived_from_real_structured"": 12, ""missing"": 8}",73.33,26.67,"[""possession_avg"", ""shots_for"", ""shots_against"", ""passes_completed"", ""crosses"", ""set_piece_goals"", ""pressing_intensity"", ""direct_attacks""]",Argentina 2010,team_argentina_2010,2010
100.0,country_australia,"{""real_structured"": 10, ""derived_from_real_structured"": 12, ""missing"": 8}",73.33,26.67,"[""possession_avg"", ""shots_for"", ""shots_against"", ""passes_completed"", ""crosses"", ""set_piece_goals"", ""pressing_intensity"", ""direct_attacks""]",Australia 2010,team_australia_2010,2010
100.0,country_brazil,"{""real_structured"": 10, ""derived_from_real_structured"": 12, ""missing"": 8}",73.33,26.67,"[""possession_avg"", ""shots_for"", ""shots_against"", ""passes_completed"", ""crosses"", ""set_piece_goals"", ""pressing_intensity"", ""direct_attacks""]",Brazil 2010,team_brazil_2010,2010
100.0,country_cameroon,"{""real_structured"": 10, ""derived_from_real_structured"": 12, ""missing"": 8}",73.33,26.67,"[""possession_avg"", ""shots_for"", ""shots_against"", ""passes_completed"", ""crosses"", ""set_piece_goals"", ""pressing_intensity"", ""direct_attacks""]",Cameroon 2010,team_cameroon_2010,2010
100.0,country_chile,"{""real_structured"": 10, ""derived_from_real_structured"": 12, ""missing"": 8}",73.33,26.67,"[""possession_avg"", ""shots_for"", ""shots_against"", ""passes_completed"", ""crosses"", ""set_piece_goals"", ""pressing_intensity"", ""direct_attacks""]",Chile 2010,team_chile_2010,2010
100.0,country_denmark,"{""real_structured"": 10, ""derived_from_real_structured"": 12, ""missing"": 8}",73.33,26.67,"[""possession_avg"", ""shots_for"", ""shots_against"", ""passes_completed"", ""crosses"", ""set_piece_goals"", ""pressing_intensity"", ""direct_attacks""]",Denmark 2010,team_denmark_2010,2010
100.0,country_england,"{""real_structured"": 10, ""derived_from_real_structured"": 12, ""missing"": 8}",73.33,26.67,"[""possession_avg"", ""shots_for"", ""shots_against"", ""passes_completed"", ""crosses"", ""set_piece_goals"", ""pressing_intensity"", ""direct_attacks""]",England 2010,team_england_2010,2010
100.0,country_france,"{""real_structured"": 10, ""derived_from_real_structured"": 12, ""missing"": 8}",73.33,26.67,"[""possession_avg"", ""shots_for"", ""shots_against"", ""passes_completed"", ""crosses"", ""set_piece_goals"", ""pressing_intensity"", ""direct_attacks""]",France 2010,team_france_2010,2010
100.0,country_germany,"{""real_structured"": 10, ""derived_from_real_structured"": 12, ""missing"": 8}",73.33,26.67,"[""possession_avg"", ""shots_for"", ""shots_against"", ""passes_completed"", ""crosses"", ""set_piece_goals"", ""pressing_intensity"", ""direct_attacks""]",Germany 2010,team_germany_2010,2010
100.0,country_ghana,"{""real_structured"": 10, ""derived_from_real_structured"": 12, ""missing"": 8}",73.33,26.67,"[""possession_avg"", ""shots_for"", ""shots_against"", ""passes_completed"", ""crosses"", ""set_piece_goals"", ""pressing_intensity"", ""direct_attacks""]",Ghana 2010,team_ghana_2010,2010
100.0,country_greece,"{""real_structured"": 10, ""derived_from_real_structured"": 12, ""missing"": 8}",73.33,26.67,"[""possession_avg"", ""shots_for"", ""shots_against"", ""passes_completed"", ""crosses"", ""set_piece_goals"", ""pressing_intensity"", ""direct_attacks""]",Greece 2010,team_greece_2010,2010
100.0,country_honduras,"{""real_structured"": 10, ""derived_from_real_structured"": 12, ""missing"": 8}",73.33,26.67,"[""possession_avg"", ""shots_for"", ""shots_against"", ""passes_completed"", ""crosses"", ""set_piece_goals"", ""pressing_intensity"", ""direct_attacks""]",Honduras 2010,team_honduras_2010,2010
100.0,country_italy,"{""real_structured"": 10, ""derived_from_real_structured"": 12, ""missing"": 8}",73.33,26.67,"[""possession_avg"", ""shots_for"", ""shots_against"", ""passes_completed"", ""crosses"", ""set_piece_goals"", ""pressing_intensity"", ""direct_attacks""]",Italy 2010,team_italy_2010,2010
100.0,country_ivory_coast,"{""real_structured"": 10, ""derived_from_real_structured"": 12, ""missing"": 8}",73.33,26.67,"[""possession_avg"", ""shots_for"", ""shots_against"", ""passes_completed"", ""crosses"", ""set_piece_goals"", ""pressing_intensity"", ""direct_attacks""]",Ivory Coast 2010,team_ivory_coast_2010,2010
100.0,country_japan,"{""real_structured"": 10, ""derived_from_real_structured"": 12, ""missing"": 8}",73.33,26.67,"[""possession_avg"", ""shots_for"", ""shots_against"", ""passes_completed"", ""crosses"", ""set_piece_goals"", ""pressing_intensity"", ""direct_attacks""]",Japan 2010,team_japan_2010,2010
100.0,country_mexico,"{""real_structured"": 10, ""derived_from_real_structured"": 12, ""missing"": 8}",73.33,26.67,"[""possession_avg"", ""shots_for"", ""shots_against"", ""passes_completed"", ""crosses"", ""set_piece_goals"", ""pressing_intensity"", ""direct_attacks""]",Mexico 2010,team_mexico_2010,2010
100.0,country_netherlands,"{""real_structured"": 10, ""derived_from_real_structured"": 12, ""missing"": 8}",73.33,26.67,"[""possession_avg"", ""shots_for"", ""shots_against"", ""passes_completed"", ""crosses"", ""set_piece_goals"", ""pressing_intensity"", ""direct_attacks""]",Netherlands 2010,team_netherlands_2010,2010
100.0,country_new_zealand,"{""real_structured"": 10, ""derived_from_real_structured"": 12, ""missing"": 8}",73.33,26.67,"[""possession_avg"", ""shots_for"", ""shots_against"", ""passes_completed"", ""crosses"", ""set_piece_goals"", ""pressing_intensity"", ""direct_attacks""]",New Zealand 2010,team_new_zealand_2010,2010
100.0,country_nigeria,"{""real_structured"": 10, ""derived_from_real_structured"": 12, ""missing"": 8}",73.33,26.67,"[""possession_avg"", ""shots_for"", ""shots_against"", ""passes_completed"", ""crosses"", ""set_piece_goals"", ""pressing_intensity"", ""direct_attacks""]",Nigeria 2010,team_nigeria_2010,2010
100.0,country_north_korea,"{""real_structured"": 10, ""derived_from_real_structured"": 12, ""missing"": 8}",73.33,26.67,"[""possession_avg"", ""shots_for"", ""shots_against"", ""passes_completed"", ""crosses"", ""set_piece_goals"", ""pressing_intensity"", ""direct_attacks""]",North Korea 2010,team_north_korea_2010,2010
100.0,country_paraguay,"{""real_structured"": 10, ""derived_from_real_structured"": 12, ""missing"": 8}",73.33,26.67,"[""possession_avg"", ""shots_for"", ""shots_against"", ""passes_completed"", ""crosses"", ""set_piece_goals"", ""pressing_intensity"", ""direct_attacks""]",Paraguay 2010,team_paraguay_2010,2010
100.0,country_portugal,"{""real_structured"": 10, ""derived_from_real_structured"": 12, ""missing"": 8}",73.33,26.67,"[""possession_avg"", ""shots_for"", ""shots_against"", ""passes_completed"", ""crosses"", ""set_piece_goals"", ""pressing_intensity"", ""direct_attacks""]",Portugal 2010,team_portugal_2010,2010
100.0,country_serbia,"{""real_structured"": 10, ""derived_from_real_structured"": 12, ""missing"": 8}",73.33,26.67,"[""possession_avg"", ""shots_for"", ""shots_against"", ""passes_completed"", ""crosses"", ""set_piece_goals"", ""pressing_intensity"", ""direct_attacks""]",Serbia 2010,team_serbia_2010,2010
100.0,country_slovakia,"{""real_structured"": 10, ""derived_from_real_structured"": 12, ""missing"": 8}",73.33,26.67,"[""possession_avg"", ""shots_for"", ""shots_against"", ""passes_completed"", ""crosses"", ""set_piece_goals"", ""pressing_intensity"", ""direct_attacks""]",Slovakia 2010,team_slovakia_2010,2010
100.0,country_slovenia,"{""real_structured"": 10, ""derived_from_real_structured"": 12, ""missing"": 8}",73.33,26.67,"[""possession_avg"", ""shots_for"", ""shots_against"", ""passes_completed"", ""crosses"", ""set_piece_goals"", ""pressing_intensity"", ""direct_attacks""]",Slovenia 2010,team_slovenia_2010,2010
100.0,country_south_africa,"{""real_structured"": 10, ""derived_from_real_structured"": 12, ""missing"": 8}",73.33,26.67,"[""possession_avg"", ""shots_for"", ""shots_against"", ""passes_completed"", ""crosses"", ""set_piece_goals"", ""pressing_intensity"", ""direct_attacks""]",South Africa 2010,team_south_africa_2010,2010
100.0,country_south_korea,"{""real_structured"": 10, ""derived_from_real_structured"": 12, ""missing"": 8}",73.33,26.67,"[""possession_avg"", ""shots_for"", ""shots_against"", ""passes_completed"", ""crosses"", ""set_piece_goals"", ""pressing_intensity"", ""direct_attacks""]",South Korea 2010,team_south_korea_2010,2010
100.0,country_spain,"{""real_structured"": 10, ""derived_from_real_structured"": 12, ""missing"": 8}",73.33,26.67,"[""possession_avg"", ""shots_for"", ""shots_against"", ""passes_completed"", ""crosses"", ""set_piece_goals"", ""pressing_intensity"", ""direct_attacks""]",Spain 2010,team_spain_2010,2010
100.0,country_switzerland,"{""real_structured"": 10, ""derived_from_real_structured"": 12, ""missing"": 8}",73.33,26.67,"[""possession_avg"", ""shots_for"", ""shots_against"", ""passes_completed"", ""crosses"", ""set_piece_goals"", ""pressing_intensity"", ""direct_attacks""]",Switzerland 2010,team_switzerland_2010,2010
100.0,country_united_states,"{""real_structured"": 10, ""derived_from_real_structured"": 12, ""missing"": 8}",73.33,26.67,"[""possession_avg"", ""shots_for"", ""shots_against"", ""passes_completed"", ""crosses"", ""set_piece_goals"", ""pressing_intensity"", ""direct_attacks""]",United States 2010,team_united_states_2010,2010
100.0,country_uruguay,"{""real_structured"": 10, ""derived_from_real_structured"": 12, ""missing"": 8}",73.33,26.67,"[""possession_avg"", ""shots_for"", ""shots_against"", ""passes_completed"", ""crosses"", ""set_piece_goals"", ""pressing_intensity"", ""direct_attacks""]",Uruguay 2010,team_uruguay_2010,2010
100.0,country_algeria,"{""real_structured"": 10, ""derived_from_real_structured"": 12, ""missing"": 8}",73.33,26.67,"[""possession_avg"", ""shots_for"", ""shots_against"", ""passes_completed"", ""crosses"", ""set_piece_goals"", ""pressing_intensity"", ""direct_attacks""]",Algeria 2014,team_algeria_2014,2014
100.0,country_argentina,"{""real_structured"": 10, ""derived_from_real_structured"": 12, ""missing"": 8}",73.33,26.67,"[""possession_avg"", ""shots_for"", ""shots_against"", ""passes_completed"", ""crosses"", ""set_piece_goals"", ""pressing_intensity"", ""direct_attacks""]",Argentina 2014,team_argentina_2014,2014
100.0,country_australia,"{""real_structured"": 10, ""derived_from_real_structured"": 12, ""missing"": 8}",73.33,26.67,"[""possession_avg"", ""shots_for"", ""shots_against"", ""passes_completed"", ""crosses"", ""set_piece_goals"", ""pressing_intensity"", ""direct_attacks""]",Australia 2014,team_australia_2014,2014
100.0,country_belgium,"{""real_structured"": 10, ""derived_from_real_structured"": 12, ""missing"": 8}",73.33,26.67,"[""possession_avg"", ""shots_for"", ""shots_against"", ""passes_completed"", ""crosses"", ""set_piece_goals"", ""pressing_intensity"", ""direct_attacks""]",Belgium 2014,team_belgium_2014,2014
100.0,country_bosnia_and_herzegovina,"{""real_structured"": 10, ""derived_from_real_structured"": 12, ""missing"": 8}",73.33,26.67,"[""possession_avg"", ""shots_for"", ""shots_against"", ""passes_completed"", ""crosses"", ""set_piece_goals"", ""pressing_intensity"", ""direct_attacks""]",Bosnia and Herzegovina 2014,team_bosnia_and_herzegovina_2014,2014
100.0,country_brazil,"{""real_structured"": 10, ""derived_from_real_structured"": 12, ""missing"": 8}",73.33,26.67,"[""possession_avg"", ""shots_for"", ""shots_against"", ""passes_completed"", ""crosses"", ""set_piece_goals"", ""pressing_intensity"", ""direct_attacks""]",Brazil 2014,team_brazil_2014,2014
100.0,country_cameroon,"{""real_structured"": 10, ""derived_from_real_structured"": 12, ""missing"": 8}",73.33,26.67,"[""possession_avg"", ""shots_for"", ""shots_against"", ""passes_completed"", ""crosses"", ""set_piece_goals"", ""pressing_intensity"", ""direct_attacks""]",Cameroon 2014,team_cameroon_2014,2014
100.0,country_chile,"{""real_structured"": 10, ""derived_from_real_structured"": 12, ""missing"": 8}",73.33,26.67,"[""possession_avg"", ""shots_for"", ""shots_against"", ""passes_completed"", ""crosses"", ""set_piece_goals"", ""pressing_intensity"", ""direct_attacks""]",Chile 2014,team_chile_2014,2014
100.0,country_colombia,"{""real_structured"": 10, ""derived_from_real_structured"": 12, ""missing"": 8}",73.33,26.67,"[""possession_avg"", ""shots_for"", ""shots_against"", ""passes_completed"", ""crosses"", ""set_piece_goals"", ""pressing_intensity"", ""direct_attacks""]",Colombia 2014,team_colombia_2014,2014
100.0,country_costa_rica,"{""real_structured"": 10, ""derived_from_real_structured"": 12, ""missing"": 8}",73.33,26.67,"[""possession_avg"", ""shots_for"", ""shots_against"", ""passes_completed"", ""crosses"", ""set_piece_goals"", ""pressing_intensity"", ""direct_attacks""]",Costa Rica 2014,team_costa_rica_2014,2014
100.0,country_croatia,"{""real_structured"": 10, ""derived_from_real_structured"": 12, ""missing"": 8}",73.33,26.67,"[""possession_avg"", ""shots_for"", ""shots_against"", ""passes_completed"", ""crosses"", ""set_piece_goals"", ""pressing_intensity"", ""direct_attacks""]",Croatia 2014,team_croatia_2014,2014
100.0,country_ecuador,"{""real_structured"": 10, ""derived_from_real_structured"": 12, ""missing"": 8}",73.33,26.67,"[""possession_avg"", ""shots_for"", ""shots_against"", ""passes_completed"", ""crosses"", ""set_piece_goals"", ""pressing_intensity"", ""direct_attacks""]",Ecuador 2014,team_ecuador_2014,2014
100.0,country_england,"{""real_structured"": 10, ""derived_from_real_structured"": 12, ""missing"": 8}",73.33,26.67,"[""possession_avg"", ""shots_for"", ""shots_against"", ""passes_completed"", ""crosses"", ""set_piece_goals"", ""pressing_intensity"", ""direct_attacks""]",England 2014,team_england_2014,2014
100.0,country_france,"{""real_structured"": 10, ""derived_from_real_structured"": 12, ""missing"": 8}",73.33,26.67,"[""possession_avg"", ""shots_for"", ""shots_against"", ""passes_completed"", ""crosses"", ""set_piece_goals"", ""pressing_intensity"", ""direct_attacks""]",France 2014,team_france_2014,2014
100.0,country_germany,"{""real_structured"": 10, ""derived_from_real_structured"": 12, ""missing"": 8}",73.33,26.67,"[""possession_avg"", ""shots_for"", ""shots_against"", ""passes_completed"", ""crosses"", ""set_piece_goals"", ""pressing_intensity"", ""direct_attacks""]",Germany 2014,team_germany_2014,2014
100.0,country_ghana,"{""real_structured"": 10, ""derived_from_real_structured"": 12, ""missing"": 8}",73.33,26.67,"[""possession_avg"", ""shots_for"", ""shots_against"", ""passes_completed"", ""crosses"", ""set_piece_goals"", ""pressing_intensity"", ""direct_attacks""]",Ghana 2014,team_ghana_2014,2014
100.0,country_greece,"{""real_structured"": 10, ""derived_from_real_structured"": 12, ""missing"": 8}",73.33,26.67,"[""possession_avg"", ""shots_for"", ""shots_against"", ""passes_completed"", ""crosses"", ""set_piece_goals"", ""pressing_intensity"", ""direct_attacks""]",Greece 2014,team_greece_2014,2014
100.0,country_honduras,"{""real_structured"": 10, ""derived_from_real_structured"": 12, ""missing"": 8}",73.33,26.67,"[""possession_avg"", ""shots_for"", ""shots_against"", ""passes_completed"", ""crosses"", ""set_piece_goals"", ""pressing_intensity"", ""direct_attacks""]",Honduras 2014,team_honduras_2014,2014
100.0,country_iran,"{""real_structured"": 10, ""derived_from_real_structured"": 12, ""missing"": 8}",73.33,26.67,"[""possession_avg"", ""shots_for"", ""shots_against"", ""passes_completed"", ""crosses"", ""set_piece_goals"", ""pressing_intensity"", ""direct_attacks""]",Iran 2014,team_iran_2014,2014
100.0,country_italy,"{""real_structured"": 10, ""derived_from_real_structured"": 12, ""missing"": 8}",73.33,26.67,"[""possession_avg"", ""shots_for"", ""shots_against"", ""passes_completed"", ""crosses"", ""set_piece_goals"", ""pressing_intensity"", ""direct_attacks""]",Italy 2014,team_italy_2014,2014
100.0,country_ivory_coast,"{""real_structured"": 10, ""derived_from_real_structured"": 12, ""missing"": 8}",73.33,26.67,"[""possession_avg"", ""shots_for"", ""shots_against"", ""passes_completed"", ""crosses"", ""set_piece_goals"", ""pressing_intensity"", ""direct_attacks""]",Ivory Coast 2014,team_ivory_coast_2014,2014
100.0,country_japan,"{""real_structured"": 10, ""derived_from_real_structured"": 12, ""missing"": 8}",73.33,26.67,"[""possession_avg"", ""shots_for"", ""shots_against"", ""passes_completed"", ""crosses"", ""set_piece_goals"", ""pressing_intensity"", ""direct_attacks""]",Japan 2014,team_japan_2014,2014
100.0,country_mexico,"{""real_structured"": 10, ""derived_from_real_structured"": 12, ""missing"": 8}",73.33,26.67,"[""possession_avg"", ""shots_for"", ""shots_against"", ""passes_completed"", ""crosses"", ""set_piece_goals"", ""pressing_intensity"", ""direct_attacks""]",Mexico 2014,team_mexico_2014,2014
100.0,country_netherlands,"{""real_structured"": 10, ""derived_from_real_structured"": 12, ""missing"": 8}",73.33,26.67,"[""possession_avg"", ""shots_for"", ""shots_against"", ""passes_completed"", ""crosses"", ""set_piece_goals"", ""pressing_intensity"", ""direct_attacks""]",Netherlands 2014,team_netherlands_2014,2014
100.0,country_nigeria,"{""real_structured"": 10, ""derived_from_real_structured"": 12, ""missing"": 8}",73.33,26.67,"[""possession_avg"", ""shots_for"", ""shots_against"", ""passes_completed"", ""crosses"", ""set_piece_goals"", ""pressing_intensity"", ""direct_attacks""]",Nigeria 2014,team_nigeria_2014,2014
100.0,country_portugal,"{""real_structured"": 10, ""derived_from_real_structured"": 12, ""missing"": 8}",73.33,26.67,"[""possession_avg"", ""shots_for"", ""shots_against"", ""passes_completed"", ""crosses"", ""set_piece_goals"", ""pressing_intensity"", ""direct_attacks""]",Portugal 2014,team_portugal_2014,2014
100.0,country_russia,"{""real_structured"": 10, ""derived_from_real_structured"": 12, ""missing"": 8}",73.33,26.67,"[""possession_avg"", ""shots_for"", ""shots_against"", ""passes_completed"", ""crosses"", ""set_piece_goals"", ""pressing_intensity"", ""direct_attacks""]",Russia 2014,team_russia_2014,2014
100.0,country_south_korea,"{""real_structured"": 10, ""derived_from_real_structured"": 12, ""missing"": 8}",73.33,26.67,"[""possession_avg"", ""shots_for"", ""shots_against"", ""passes_completed"", ""crosses"", ""set_piece_goals"", ""pressing_intensity"", ""direct_attacks""]",South Korea 2014,team_south_korea_2014,2014
100.0,country_spain,"{""real_structured"": 10, ""derived_from_real_structured"": 12, ""missing"": 8}",73.33,26.67,"[""possession_avg"", ""shots_for"", ""shots_against"", ""passes_completed"", ""crosses"", ""set_piece_goals"", ""pressing_intensity"", ""direct_attacks""]",Spain 2014,team_spain_2014,2014
100.0,country_switzerland,"{""real_structured"": 10, ""derived_from_real_structured"": 12, ""missing"": 8}",73.33,26.67,"[""possession_avg"", ""shots_for"", ""shots_against"", ""passes_completed"", ""crosses"", ""set_piece_goals"", ""pressing_intensity"", ""direct_attacks""]",Switzerland 2014,team_switzerland_2014,2014
100.0,country_united_states,"{""real_structured"": 10, ""derived_from_real_structured"": 12, ""missing"": 8}",73.33,26.67,"[""possession_avg"", ""shots_for"", ""shots_against"", ""passes_completed"", ""crosses"", ""set_piece_goals"", ""pressing_intensity"", ""direct_attacks""]",United States 2014,team_united_states_2014,2014
100.0,country_uruguay,"{""real_structured"": 10, ""derived_from_real_structured"": 12, ""missing"": 8}",73.33,26.67,"[""possession_avg"", ""shots_for"", ""shots_against"", ""passes_completed"", ""crosses"", ""set_piece_goals"", ""pressing_intensity"", ""direct_attacks""]",Uruguay 2014,team_uruguay_2014,2014
100.0,country_argentina,"{""real_structured"": 10, ""derived_from_real_structured"": 12, ""missing"": 8}",73.33,26.67,"[""possession_avg"", ""shots_for"", ""shots_against"", ""passes_completed"", ""crosses"", ""set_piece_goals"", ""pressing_intensity"", ""direct_attacks""]",Argentina 2018,team_argentina_2018,2018
100.0,country_australia,"{""real_structured"": 10, ""derived_from_real_structured"": 12, ""missing"": 8}",73.33,26.67,"[""possession_avg"", ""shots_for"", ""shots_against"", ""passes_completed"", ""crosses"", ""set_piece_goals"", ""pressing_intensity"", ""direct_attacks""]",Australia 2018,team_australia_2018,2018
100.0,country_belgium,"{""real_structured"": 10, ""derived_from_real_structured"": 12, ""missing"": 8}",73.33,26.67,"[""possession_avg"", ""shots_for"", ""shots_against"", ""passes_completed"", ""crosses"", ""set_piece_goals"", ""pressing_intensity"", ""direct_attacks""]",Belgium 2018,team_belgium_2018,2018
100.0,country_brazil,"{""real_structured"": 10, ""derived_from_real_structured"": 12, ""missing"": 8}",73.33,26.67,"[""possession_avg"", ""shots_for"", ""shots_against"", ""passes_completed"", ""crosses"", ""set_piece_goals"", ""pressing_intensity"", ""direct_attacks""]",Brazil 2018,team_brazil_2018,2018
100.0,country_colombia,"{""real_structured"": 10, ""derived_from_real_structured"": 12, ""missing"": 8}",73.33,26.67,"[""possession_avg"", ""shots_for"", ""shots_against"", ""passes_completed"", ""crosses"", ""set_piece_goals"", ""pressing_intensity"", ""direct_attacks""]",Colombia 2018,team_colombia_2018,2018
100.0,country_costa_rica,"{""real_structured"": 10, ""derived_from_real_structured"": 12, ""missing"": 8}",73.33,26.67,"[""possession_avg"", ""shots_for"", ""shots_against"", ""passes_completed"", ""crosses"", ""set_piece_goals"", ""pressing_intensity"", ""direct_attacks""]",Costa Rica 2018,team_costa_rica_2018,2018
100.0,country_croatia,"{""real_structured"": 10, ""derived_from_real_structured"": 12, ""missing"": 8}",73.33,26.67,"[""possession_avg"", ""shots_for"", ""shots_against"", ""passes_completed"", ""crosses"", ""set_piece_goals"", ""pressing_intensity"", ""direct_attacks""]",Croatia 2018,team_croatia_2018,2018
100.0,country_denmark,"{""real_structured"": 10, ""derived_from_real_structured"": 12, ""missing"": 8}",73.33,26.67,"[""possession_avg"", ""shots_for"", ""shots_against"", ""passes_completed"", ""crosses"", ""set_piece_goals"", ""pressing_intensity"", ""direct_attacks""]",Denmark 2018,team_denmark_2018,2018
100.0,country_egypt,"{""real_structured"": 10, ""derived_from_real_structured"": 12, ""missing"": 8}",73.33,26.67,"[""possession_avg"", ""shots_for"", ""shots_against"", ""passes_completed"", ""crosses"", ""set_piece_goals"", ""pressing_intensity"", ""direct_attacks""]",Egypt 2018,team_egypt_2018,2018
100.0,country_england,"{""real_structured"": 10, ""derived_from_real_structured"": 12, ""missing"": 8}",73.33,26.67,"[""possession_avg"", ""shots_for"", ""shots_against"", ""passes_completed"", ""crosses"", ""set_piece_goals"", ""pressing_intensity"", ""direct_attacks""]",England 2018,team_england_2018,2018
100.0,country_france,"{""real_structured"": 10, ""derived_from_real_structured"": 12, ""missing"": 8}",73.33,26.67,"[""possession_avg"", ""shots_for"", ""shots_against"", ""passes_completed"", ""crosses"", ""set_piece_goals"", ""pressing_intensity"", ""direct_attacks""]",France 2018,team_france_2018,2018
100.0,country_germany,"{""real_structured"": 10, ""derived_from_real_structured"": 12, ""missing"": 8}",73.33,26.67,"[""possession_avg"", ""shots_for"", ""shots_against"", ""passes_completed"", ""crosses"", ""set_piece_goals"", ""pressing_intensity"", ""direct_attacks""]",Germany 2018,team_germany_2018,2018
100.0,country_iceland,"{""real_structured"": 10, ""derived_from_real_structured"": 12, ""missing"": 8}",73.33,26.67,"[""possession_avg"", ""shots_for"", ""shots_against"", ""passes_completed"", ""crosses"", ""set_piece_goals"", ""pressing_intensity"", ""direct_attacks""]",Iceland 2018,team_iceland_2018,2018
100.0,country_iran,"{""real_structured"": 10, ""derived_from_real_structured"": 12, ""missing"": 8}",73.33,26.67,"[""possession_avg"", ""shots_for"", ""shots_against"", ""passes_completed"", ""crosses"", ""set_piece_goals"", ""pressing_intensity"", ""direct_attacks""]",Iran 2018,team_iran_2018,2018
100.0,country_japan,"{""real_structured"": 10, ""derived_from_real_structured"": 12, ""missing"": 8}",73.33,26.67,"[""possession_avg"", ""shots_for"", ""shots_against"", ""passes_completed"", ""crosses"", ""set_piece_goals"", ""pressing_intensity"", ""direct_attacks""]",Japan 2018,team_japan_2018,2018
100.0,country_mexico,"{""real_structured"": 10, ""derived_from_real_structured"": 12, ""missing"": 8}",73.33,26.67,"[""possession_avg"", ""shots_for"", ""shots_against"", ""passes_completed"", ""crosses"", ""set_piece_goals"", ""pressing_intensity"", ""direct_attacks""]",Mexico 2018,team_mexico_2018,2018
100.0,country_morocco,"{""real_structured"": 10, ""derived_from_real_structured"": 12, ""missing"": 8}",73.33,26.67,"[""possession_avg"", ""shots_for"", ""shots_against"", ""passes_completed"", ""crosses"", ""set_piece_goals"", ""pressing_intensity"", ""direct_attacks""]",Morocco 2018,team_morocco_2018,2018
100.0,country_nigeria,"{""real_structured"": 10, ""derived_from_real_structured"": 12, ""missing"": 8}",73.33,26.67,"[""possession_avg"", ""shots_for"", ""shots_against"", ""passes_completed"", ""crosses"", ""set_piece_goals"", ""pressing_intensity"", ""direct_attacks""]",Nigeria 2018,team_nigeria_2018,2018
100.0,country_panama,"{""real_structured"": 10, ""derived_from_real_structured"": 12, ""missing"": 8}",73.33,26.67,"[""possession_avg"", ""shots_for"", ""shots_against"", ""passes_completed"", ""crosses"", ""set_piece_goals"", ""pressing_intensity"", ""direct_attacks""]",Panama 2018,team_panama_2018,2018
100.0,country_peru,"{""real_structured"": 10, ""derived_from_real_structured"": 12, ""missing"": 8}",73.33,26.67,"[""possession_avg"", ""shots_for"", ""shots_against"", ""passes_completed"", ""crosses"", ""set_piece_goals"", ""pressing_intensity"", ""direct_attacks""]",Peru 2018,team_peru_2018,2018
100.0,country_poland,"{""real_structured"": 10, ""derived_from_real_structured"": 12, ""missing"": 8}",73.33,26.67,"[""possession_avg"", ""shots_for"", ""shots_against"", ""passes_completed"", ""crosses"", ""set_piece_goals"", ""pressing_intensity"", ""direct_attacks""]",Poland 2018,team_poland_2018,2018
100.0,country_portugal,"{""real_structured"": 10, ""derived_from_real_structured"": 12, ""missing"": 8}",73.33,26.67,"[""possession_avg"", ""shots_for"", ""shots_against"", ""passes_completed"", ""crosses"", ""set_piece_goals"", ""pressing_intensity"", ""direct_attacks""]",Portugal 2018,team_portugal_2018,2018
100.0,country_russia,"{""real_structured"": 10, ""derived_from_real_structured"": 12, ""missing"": 8}",73.33,26.67,"[""possession_avg"", ""shots_for"", ""shots_against"", ""passes_completed"", ""crosses"", ""set_piece_goals"", ""pressing_intensity"", ""direct_attacks""]",Russia 2018,team_russia_2018,2018
100.0,country_saudi_arabia,"{""real_structured"": 10, ""derived_from_real_structured"": 12, ""missing"": 8}",73.33,26.67,"[""possession_avg"", ""shots_for"", ""shots_against"", ""passes_completed"", ""crosses"", ""set_piece_goals"", ""pressing_intensity"", ""direct_attacks""]",Saudi Arabia 2018,team_saudi_arabia_2018,2018
100.0,country_senegal,"{""real_structured"": 10, ""derived_from_real_structured"": 12, ""missing"": 8}",73.33,26.67,"[""possession_avg"", ""shots_for"", ""shots_against"", ""passes_completed"", ""crosses"", ""set_piece_goals"", ""pressing_intensity"", ""direct_attacks""]",Senegal 2018,team_senegal_2018,2018
100.0,country_serbia,"{""real_structured"": 10, ""derived_from_real_structured"": 12, ""missing"": 8}",73.33,26.67,"[""possession_avg"", ""shots_for"", ""shots_against"", ""passes_completed"", ""crosses"", ""set_piece_goals"", ""pressing_intensity"", ""direct_attacks""]",Serbia 2018,team_serbia_2018,2018
100.0,country_south_korea,"{""real_structured"": 10, ""derived_from_real_structured"": 12, ""missing"": 8}",73.33,26.67,"[""possession_avg"", ""shots_for"", ""shots_against"", ""passes_completed"", ""crosses"", ""set_piece_goals"", ""pressing_intensity"", ""direct_attacks""]",South Korea 2018,team_south_korea_2018,2018
100.0,country_spain,"{""real_structured"": 10, ""derived_from_real_structured"": 12, ""missing"": 8}",73.33,26.67,"[""possession_avg"", ""shots_for"", ""shots_against"", ""passes_completed"", ""crosses"", ""set_piece_goals"", ""pressing_intensity"", ""direct_attacks""]",Spain 2018,team_spain_2018,2018
100.0,country_sweden,"{""real_structured"": 10, ""derived_from_real_structured"": 12, ""missing"": 8}",73.33,26.67,"[""possession_avg"", ""shots_for"", ""shots_against"", ""passes_completed"", ""crosses"", ""set_piece_goals"", ""pressing_intensity"", ""direct_attacks""]",Sweden 2018,team_sweden_2018,2018
100.0,country_switzerland,"{""real_structured"": 10, ""derived_from_real_structured"": 12, ""missing"": 8}",73.33,26.67,"[""possession_avg"", ""shots_for"", ""shots_against"", ""passes_completed"", ""crosses"", ""set_piece_goals"", ""pressing_intensity"", ""direct_attacks""]",Switzerland 2018,team_switzerland_2018,2018
100.0,country_tunisia,"{""real_structured"": 10, ""derived_from_real_structured"": 12, ""missing"": 8}",73.33,26.67,"[""possession_avg"", ""shots_for"", ""shots_against"", ""passes_completed"", ""crosses"", ""set_piece_goals"", ""pressing_intensity"", ""direct_attacks""]",Tunisia 2018,team_tunisia_2018,2018
100.0,country_uruguay,"{""real_structured"": 10, ""derived_from_real_structured"": 12, ""missing"": 8}",73.33,26.67,"[""possession_avg"", ""shots_for"", ""shots_against"", ""passes_completed"", ""crosses"", ""set_piece_goals"", ""pressing_intensity"", ""direct_attacks""]",Uruguay 2018,team_uruguay_2018,2018
100.0,country_argentina,"{""real_structured"": 10, ""derived_from_real_structured"": 12, ""missing"": 8}",73.33,26.67,"[""possession_avg"", ""shots_for"", ""shots_against"", ""passes_completed"", ""crosses"", ""set_piece_goals"", ""pressing_intensity"", ""direct_attacks""]",Argentina 2022,team_argentina_2022,2022
100.0,country_australia,"{""real_structured"": 10, ""derived_from_real_structured"": 12, ""missing"": 8}",73.33,26.67,"[""possession_avg"", ""shots_for"", ""shots_against"", ""passes_completed"", ""crosses"", ""set_piece_goals"", ""pressing_intensity"", ""direct_attacks""]",Australia 2022,team_australia_2022,2022
100.0,country_belgium,"{""real_structured"": 10, ""derived_from_real_structured"": 12, ""missing"": 8}",73.33,26.67,"[""possession_avg"", ""shots_for"", ""shots_against"", ""passes_completed"", ""crosses"", ""set_piece_goals"", ""pressing_intensity"", ""direct_attacks""]",Belgium 2022,team_belgium_2022,2022
100.0,country_brazil,"{""real_structured"": 10, ""derived_from_real_structured"": 12, ""missing"": 8}",73.33,26.67,"[""possession_avg"", ""shots_for"", ""shots_against"", ""passes_completed"", ""crosses"", ""set_piece_goals"", ""pressing_intensity"", ""direct_attacks""]",Brazil 2022,team_brazil_2022,2022
100.0,country_cameroon,"{""real_structured"": 10, ""derived_from_real_structured"": 12, ""missing"": 8}",73.33,26.67,"[""possession_avg"", ""shots_for"", ""shots_against"", ""passes_completed"", ""crosses"", ""set_piece_goals"", ""pressing_intensity"", ""direct_attacks""]",Cameroon 2022,team_cameroon_2022,2022
100.0,country_canada,"{""real_structured"": 10, ""derived_from_real_structured"": 12, ""missing"": 8}",73.33,26.67,"[""possession_avg"", ""shots_for"", ""shots_against"", ""passes_completed"", ""crosses"", ""set_piece_goals"", ""pressing_intensity"", ""direct_attacks""]",Canada 2022,team_canada_2022,2022
100.0,country_costa_rica,"{""real_structured"": 10, ""derived_from_real_structured"": 12, ""missing"": 8}",73.33,26.67,"[""possession_avg"", ""shots_for"", ""shots_against"", ""passes_completed"", ""crosses"", ""set_piece_goals"", ""pressing_intensity"", ""direct_attacks""]",Costa Rica 2022,team_costa_rica_2022,2022
100.0,country_croatia,"{""real_structured"": 10, ""derived_from_real_structured"": 12, ""missing"": 8}",73.33,26.67,"[""possession_avg"", ""shots_for"", ""shots_against"", ""passes_completed"", ""crosses"", ""set_piece_goals"", ""pressing_intensity"", ""direct_attacks""]",Croatia 2022,team_croatia_2022,2022
100.0,country_denmark,"{""real_structured"": 10, ""derived_from_real_structured"": 12, ""missing"": 8}",73.33,26.67,"[""possession_avg"", ""shots_for"", ""shots_against"", ""passes_completed"", ""crosses"", ""set_piece_goals"", ""pressing_intensity"", ""direct_attacks""]",Denmark 2022,team_denmark_2022,2022
100.0,country_ecuador,"{""real_structured"": 10, ""derived_from_real_structured"": 12, ""missing"": 8}",73.33,26.67,"[""possession_avg"", ""shots_for"", ""shots_against"", ""passes_completed"", ""crosses"", ""set_piece_goals"", ""pressing_intensity"", ""direct_attacks""]",Ecuador 2022,team_ecuador_2022,2022
100.0,country_england,"{""real_structured"": 10, ""derived_from_real_structured"": 12, ""missing"": 8}",73.33,26.67,"[""possession_avg"", ""shots_for"", ""shots_against"", ""passes_completed"", ""crosses"", ""set_piece_goals"", ""pressing_intensity"", ""direct_attacks""]",England 2022,team_england_2022,2022
100.0,country_france,"{""real_structured"": 10, ""derived_from_real_structured"": 12, ""missing"": 8}",73.33,26.67,"[""possession_avg"", ""shots_for"", ""shots_against"", ""passes_completed"", ""crosses"", ""set_piece_goals"", ""pressing_intensity"", ""direct_attacks""]",France 2022,team_france_2022,2022
100.0,country_germany,"{""real_structured"": 10, ""derived_from_real_structured"": 12, ""missing"": 8}",73.33,26.67,"[""possession_avg"", ""shots_for"", ""shots_against"", ""passes_completed"", ""crosses"", ""set_piece_goals"", ""pressing_intensity"", ""direct_attacks""]",Germany 2022,team_germany_2022,2022
100.0,country_ghana,"{""real_structured"": 10, ""derived_from_real_structured"": 12, ""missing"": 8}",73.33,26.67,"[""possession_avg"", ""shots_for"", ""shots_against"", ""passes_completed"", ""crosses"", ""set_piece_goals"", ""pressing_intensity"", ""direct_attacks""]",Ghana 2022,team_ghana_2022,2022
100.0,country_iran,"{""real_structured"": 10, ""derived_from_real_structured"": 12, ""missing"": 8}",73.33,26.67,"[""possession_avg"", ""shots_for"", ""shots_against"", ""passes_completed"", ""crosses"", ""set_piece_goals"", ""pressing_intensity"", ""direct_attacks""]",Iran 2022,team_iran_2022,2022
100.0,country_japan,"{""real_structured"": 10, ""derived_from_real_structured"": 12, ""missing"": 8}",73.33,26.67,"[""possession_avg"", ""shots_for"", ""shots_against"", ""passes_completed"", ""crosses"", ""set_piece_goals"", ""pressing_intensity"", ""direct_attacks""]",Japan 2022,team_japan_2022,2022
100.0,country_mexico,"{""real_structured"": 10, ""derived_from_real_structured"": 12, ""missing"": 8}",73.33,26.67,"[""possession_avg"", ""shots_for"", ""shots_against"", ""passes_completed"", ""crosses"", ""set_piece_goals"", ""pressing_intensity"", ""direct_attacks""]",Mexico 2022,team_mexico_2022,2022
100.0,country_morocco,"{""real_structured"": 10, ""derived_from_real_structured"": 12, ""missing"": 8}",73.33,26.67,"[""possession_avg"", ""shots_for"", ""shots_against"", ""passes_completed"", ""crosses"", ""set_piece_goals"", ""pressing_intensity"", ""direct_attacks""]",Morocco 2022,team_morocco_2022,2022
100.0,country_netherlands,"{""real_structured"": 10, ""derived_from_real_structured"": 12, ""missing"": 8}",73.33,26.67,"[""possession_avg"", ""shots_for"", ""shots_against"", ""passes_completed"", ""crosses"", ""set_piece_goals"", ""pressing_intensity"", ""direct_attacks""]",Netherlands 2022,team_netherlands_2022,2022
100.0,country_poland,"{""real_structured"": 10, ""derived_from_real_structured"": 12, ""missing"": 8}",73.33,26.67,"[""possession_avg"", ""shots_for"", ""shots_against"", ""passes_completed"", ""crosses"", ""set_piece_goals"", ""pressing_intensity"", ""direct_attacks""]",Poland 2022,team_poland_2022,2022
100.0,country_portugal,"{""real_structured"": 10, ""derived_from_real_structured"": 12, ""missing"": 8}",73.33,26.67,"[""possession_avg"", ""shots_for"", ""shots_against"", ""passes_completed"", ""crosses"", ""set_piece_goals"", ""pressing_intensity"", ""direct_attacks""]",Portugal 2022,team_portugal_2022,2022
100.0,country_qatar,"{""real_structured"": 10, ""derived_from_real_structured"": 12, ""missing"": 8}",73.33,26.67,"[""possession_avg"", ""shots_for"", ""shots_against"", ""passes_completed"", ""crosses"", ""set_piece_goals"", ""pressing_intensity"", ""direct_attacks""]",Qatar 2022,team_qatar_2022,2022
100.0,country_saudi_arabia,"{""real_structured"": 10, ""derived_from_real_structured"": 12, ""missing"": 8}",73.33,26.67,"[""possession_avg"", ""shots_for"", ""shots_against"", ""passes_completed"", ""crosses"", ""set_piece_goals"", ""pressing_intensity"", ""direct_attacks""]",Saudi Arabia 2022,team_saudi_arabia_2022,2022
100.0,country_senegal,"{""real_structured"": 10, ""derived_from_real_structured"": 12, ""missing"": 8}",73.33,26.67,"[""possession_avg"", ""shots_for"", ""shots_against"", ""passes_completed"", ""crosses"", ""set_piece_goals"", ""pressing_intensity"", ""direct_attacks""]",Senegal 2022,team_senegal_2022,2022
100.0,country_serbia,"{""real_structured"": 10, ""derived_from_real_structured"": 12, ""missing"": 8}",73.33,26.67,"[""possession_avg"", ""shots_for"", ""shots_against"", ""passes_completed"", ""crosses"", ""set_piece_goals"", ""pressing_intensity"", ""direct_attacks""]",Serbia 2022,team_serbia_2022,2022
100.0,country_south_korea,"{""real_structured"": 10, ""derived_from_real_structured"": 12, ""missing"": 8}",73.33,26.67,"[""possession_avg"", ""shots_for"", ""shots_against"", ""passes_completed"", ""crosses"", ""set_piece_goals"", ""pressing_intensity"", ""direct_attacks""]",South Korea 2022,team_south_korea_2022,2022
100.0,country_spain,"{""real_structured"": 10, ""derived_from_real_structured"": 12, ""missing"": 8}",73.33,26.67,"[""possession_avg"", ""shots_for"", ""shots_against"", ""passes_completed"", ""crosses"", ""set_piece_goals"", ""pressing_intensity"", ""direct_attacks""]",Spain 2022,team_spain_2022,2022
100.0,country_switzerland,"{""real_structured"": 10, ""derived_from_real_structured"": 12, ""missing"": 8}",73.33,26.67,"[""possession_avg"", ""shots_for"", ""shots_against"", ""passes_completed"", ""crosses"", ""set_piece_goals"", ""pressing_intensity"", ""direct_attacks""]",Switzerland 2022,team_switzerland_2022,2022
100.0,country_tunisia,"{""real_structured"": 10, ""derived_from_real_structured"": 12, ""missing"": 8}",73.33,26.67,"[""possession_avg"", ""shots_for"", ""shots_against"", ""passes_completed"", ""crosses"", ""set_piece_goals"", ""pressing_intensity"", ""direct_attacks""]",Tunisia 2022,team_tunisia_2022,2022
100.0,country_united_states,"{""real_structured"": 10, ""derived_from_real_structured"": 12, ""missing"": 8}",73.33,26.67,"[""possession_avg"", ""shots_for"", ""shots_against"", ""passes_completed"", ""crosses"", ""set_piece_goals"", ""pressing_intensity"", ""direct_attacks""]",United States 2022,team_united_states_2022,2022
100.0,country_uruguay,"{""real_structured"": 10, ""derived_from_real_structured"": 12, ""missing"": 8}",73.33,26.67,"[""possession_avg"", ""shots_for"", ""shots_against"", ""passes_completed"", ""crosses"", ""set_piece_goals"", ""pressing_intensity"", ""direct_attacks""]",Uruguay 2022,team_uruguay_2022,2022
100.0,country_wales,"{""real_structured"": 10, ""derived_from_real_structured"": 12, ""missing"": 8}",73.33,26.67,"[""possession_avg"", ""shots_for"", ""shots_against"", ""passes_completed"", ""crosses"", ""set_piece_goals"", ""pressing_intensity"", ""direct_attacks""]",Wales 2022,team_wales_2022,2022
